0,1,2,3,4,5,6,7,8,9,10,11,12,13,14,15,16,17,18,19,20,21,22,23,24,25,26,27,28,29,30,31,32,33,34,35,36,37,38,39,40,41,42,43,44,45,46,47,48,49,50,51,52,53,54,55,56,57,58,59,60,61,62,63,64,65,66,67,68,69,70,71,72,73,74,75,76,77,78,79,80,81,82,83,84,85,86,87,88,89,90,91,92,93,94,95,96,97,98,99,100,101,102,103,104,105,106,107,108,109,110,111,112,113,114,115,116,117,118,119
1.0000001,0.018217236,0.026734725,0.036019646,0.003812898,0.0105183255,0.10102363,0.16370451,-0.03844332,-0.05273486,0.0007790751,0.04988703,-0.017451799,-0.011351028,-0.05121362,-0.017959919,-0.011122918,-0.0012071645,-0.043269623,-0.076034404,0.13534302,0.004788342,0.085483335,-0.024685148,-0.0718956,0.014014313,-0.05563903,0.015819088,0.0020253495,-0.022102969,0.0024411909,0.011599592,-0.035164233,-0.0042002434,0.010098355,0.033737514,0.08177346,-0.04445329,-0.014756534,-0.019351128,-0.0356887,0.008603536,0.0022712015,-0.022197582,0.097941324,0.005280366,-0.06949503,-0.051744547,-0.024604682,-0.03927832,0.023168936,-0.0449102,0.039383523,-0.017493838,-0.05072484,-0.04920896,-0.034182396,0.0046018856,-0.015570036,-0.027869238,0.0040801684,-0.024230652,-0.025486648,-0.022866352,0.012912632,-0.024773138,-0.054401785,0.0027506843,0.012786084,-0.032942567,-0.013105181,-0.030852124,0.0403725,-0.04820741,-0.0023691205,-0.042086724,0.049246468,-0.06925818,-0.038595177,-0.0014793498,-0.02844468,-0.02225105,-0.045939103,0.00053273514,-0.043277115,0.03385778,0.15392768,-0.044568174,-0.03470505,-0.052977215,-0.022516765,-0.026287781,-0.032579668,-0.037720233,0.099329494,-0.028876811,-0.028580155,0.02515812,0.006321813,0.001302518,-0.014464067,0.05483905,0.040066898,-0.021362595,-0.026870396,-0.013204041,-0.017605504,0.0687975,-0.04843471,0.010035584,0.07080735,0.09684123,0.0676085,0.0306051,-0.020952294,-0.03474487,0.11983332,0.066541165,-0.005959595,-0.014581181
0.018217236,1.0000001,0.06769656,0.15390892,0.14067613,0.15682442,0.14856875,0.034808733,-0.061648156,0.017912798,-0.051867828,-0.04207786,-0.002040723,-0.028988536,-0.009228239,-0.02238927,-0.06458513,-0.046954952,0.018894335,-0.015078928,-0.015787553,-0.026129387,-0.044413626,0.0065986337,0.0061237398,-0.015144496,-0.06327975,-0.028862046,-0.024369044,-0.053997226,0.00399842,-0.00075547444,-0.004999538,0.008023074,-0.010757338,-0.0011516602,0.015136786,0.03893832,-0.09291372,0.020673195,-0.042554952,0.0035635685,-0.018024677,-0.0030415042,0.051277913,-0.010716841,-0.040609017,-0.03052312,-0.03943364,0.05735317,-0.0260916,-0.046163566,0.016510658,0.038267054,-0.005764912,-0.01498391,-0.012374347,-0.05677522,-0.07718791,-0.0023519313,-0.06805859,-0.0055647874,0.03655678,-0.005296145,0.031774934,0.002589977,0.043910053,0.0067537893,0.056807037,0.009159621,-0.03740009,0.0015453536,0.013796484,-0.025099348,-0.02832823,-0.017602276,-0.057127852,0.0031521348,0.0047112494,0.057270672,0.03995791,0.055852562,-0.035042282,0.0012493362,-0.014435361,-0.06952303,-0.04531557,-0.008724615,0.036055177,-0.010282003,-0.002620523,-0.015580707,-0.030746257,0.0048549757,-0.027737362,-0.032018118,0.007564185,-0.014366518,-0.01067151,-0.02498597,0.044867985,-0.06038931,0.012435117,-0.011333533,-0.0024296697,0.016733263,-0.0093095135,0.06825986,-0.03182508,0.03521678,0.03325912,-0.014192818,0.005491807,0.044354,-0.0101690795,-0.03026836,-0.042503007,-0.05941747,0.03755613,-0.025011465
0.026734725,0.06769656,1.0,0.046675168,0.12216219,0.025928397,0.013920859,-0.025947817,-0.05638067,-0.025288329,-0.029547408,-0.041631788,-0.029361371,-0.055536512,-0.029643238,-0.03814557,-0.075194,-0.01931851,0.0040241005,-0.06297528,-0.025687419,-0.03450729,0.0124188755,-0.037022434,0.01829138,-0.016559573,-0.058220305,-0.027062234,-0.044046566,-0.02581985,0.010789323,-0.03215689,-0.020477625,-0.019840412,0.031382915,0.0012261563,0.06925264,-0.008020406,-0.012121824,0.078301124,-0.040549576,0.024077248,0.004272881,0.08007969,-0.0116773425,0.0011577783,-0.030285884,-0.025231212,0.0056434805,0.050175563,0.032643665,0.01575911,0.1337879,0.21147317,-0.032234773,-0.068127975,0.004507686,-0.022423288,-0.0354293,0.014231039,-0.03948064,-0.0074894642,-0.036932528,-0.013882788,0.0053565805,0.027621824,-0.015104424,-0.015274245,0.04227278,-0.025034525,-0.037278,0.01986863,-0.024930136,-0.059719168,-0.07324291,-0.052381936,-0.11116993,0.026631322,0.06522932,0.008722326,-0.036914572,-0.033734363,-0.032556683,-0.011948512,-0.012230612,-0.034773458,-0.0011571139,-0.011075367,-0.021198984,-0.03833049,-0.050620276,-0.009818997,-0.029421054,0.02423911,-0.003489127,-0.03632012,0.0036930903,-0.058575552,-0.028468592,-0.012402307,0.0073521486,-0.045804568,-0.012055292,-0.019446412,0.036776144,0.08629511,0.0704268,0.070978045,0.005171517,0.0009278627,-0.06900975,-0.04612251,-0.053149592,0.15010494,0.1247521,0.050141096,-0.055604953,-0.030005699,0.00447612,-0.05030766
0.036019646,0.15390892,0.046675168,0.9999999,0.15466894,0.061265945,0.06503261,-0.0312412,-0.019551592,-0.012091309,-0.025552059,-0.047941,-0.014357902,-0.013051147,-0.02563229,-0.04287755,-0.03147059,-0.06411581,0.0021137432,-0.024882317,-0.000534263,-0.0312649,-0.030957883,0.00880621,0.018858312,-0.031213015,-0.047353137,-0.032415263,-0.03213536,-0.012170987,-0.03582488,0.016909575,-0.0019069007,0.0036938773,-0.033511065,0.0066546216,0.019105561,-0.034538995,-0.0514505,-0.0135218045,-0.028719584,0.017574288,0.00346873,0.007473618,-0.006461376,0.024196194,-0.024181671,0.0058759935,-0.022693789,0.033676002,0.0030642864,-0.011785546,-0.036054388,0.08355263,-0.007651382,-0.03906871,0.029547572,-0.028270371,-0.068190195,-0.06223325,-0.032873817,-0.022922691,-0.01863944,-0.005354732,-0.02995291,-0.0027782838,0.006189352,-0.024701986,0.023261033,0.03438399,-0.010975861,-0.026811505,-0.001831563,-0.019332,-0.046124507,0.03735054,-0.036606155,0.053703237,0.038125124,0.016900094,-0.003266329,-0.0052055116,-0.014741268,-0.028861074,-0.030029863,-0.059266035,0.0011171503,-0.020618295,-0.04177683,-0.022469409,-0.065683775,0.032025192,0.0048293974,0.022573374,0.028972192,-0.024866048,-0.017230071,-0.0018958347,-0.0003227353,-0.04446091,0.077498615,-0.032741766,0.030887745,0.024234299,0.020064967,0.005030388,-0.016381288,0.08764867,0.06884004,0.07556577,0.12092635,0.020609418,-0.0385271,0.057474576,-0.01376576,-0.033312246,-0.05057312,-0.0076503623,-0.04722992,-0.027304243
0.003812898,0.14067613,0.12216219,0.15466894,1.0,0.11973942,0.051673464,-0.02312538,-0.040361278,-0.007726789,-0.030941606,0.0030677353,-0.03457774,-0.013509872,-0.04669559,-0.012773591,-0.01707736,-0.030021733,-0.025083981,-0.04289303,-0.04099977,-0.012222199,-0.05330386,0.029373687,-0.0103220595,-0.028547091,-0.014093676,-0.046042398,-0.0003748314,-0.00061438326,-0.0006010439,0.0034493464,-0.013449509,-0.04210706,-0.011285981,-0.02236815,0.04850102,0.009213703,-0.018591516,-0.016108982,-0.026776023,-0.011313372,-0.01853459,0.036122788,0.014456509,0.03431237,-0.0074142343,0.019470016,-0.023720587,0.11277578,-0.00068204897,0.048815574,0.012283114,0.2789208,-0.047607265,-0.0459922,-0.05682406,-0.04661402,-0.07476787,-0.007719907,-0.045247477,0.039501175,-0.019544391,-0.040336065,-0.0189022,-0.014844155,0.040842317,0.010252174,0.04129912,0.0059727835,-0.015695257,-0.010561022,-0.002076709,-0.05591586,-0.06394534,0.0016982392,-0.10301328,-0.010159638,0.027706567,0.010752244,-0.00688544,-0.026500631,-0.027749194,-0.011169193,-0.067733005,-0.05400216,-0.026235372,-0.030797552,-0.00048390217,-0.004984206,-0.024220282,0.021019146,-0.025725989,-0.033538118,-0.009048859,-0.055667646,0.011320062,-0.02042288,0.012108796,-0.044517037,0.0836644,-0.049983438,0.04890658,-0.049341895,-0.03373246,0.019960895,-0.028446294,0.0405225,-0.03645509,0.037004665,0.036155283,-0.02061489,-0.014246173,0.04441552,0.017730536,-0.029371034,-0.030766357,-0.04200811,0.024761185,-0.00117053
0.0105183255,0.15682442,0.025928397,0.061265945,0.11973942,1.0000001,0.105338156,0.0020212643,-0.026088415,-0.039142855,0.054516084,0.004328898,-0.009867518,0.007803142,-0.0041778814,0.045314442,0.012215503,-0.023312751,0.008171536,-0.056999464,-0.031802427,-0.0121121975,0.013062956,-0.01973488,-0.03725853,-0.028149068,-0.04210268,-0.039820347,-0.028041506,-0.046085063,-0.042913996,-0.022322677,-0.020565178,-0.048277743,-0.06056253,-0.06820497,0.026189461,0.023140933,-0.02007079,0.0017854585,-0.02326574,-0.055696093,0.009373263,-0.023298295,0.016697584,-0.039133243,-0.047311805,-0.021439051,-0.022844594,0.021358756,0.030739415,-0.041574445,-0.0069557447,0.036550455,-0.05680248,-0.018174,-0.00924441,-0.033840053,-0.055096332,-0.026312841,-0.04241158,0.06722422,0.02946482,0.07252992,0.1260949,0.04197087,0.047367845,0.15336794,0.119257785,0.05902096,-0.02178501,0.0018781286,-0.053711083,-0.028924566,-0.013392659,-0.0043892865,-0.056508284,-0.01712004,-0.021631464,0.02465615,-0.017608516,0.020514954,-0.046586618,-0.052231982,-0.026541445,-0.0012313572,-0.032331247,-0.021140743,0.06596362,-0.020580783,0.0053424393,-0.02104631,-0.046213266,-0.041327856,-0.008266429,-0.02407716,0.060633518,-0.014283825,-0.018222338,0.001764351,-0.002932964,0.022253484,-0.029262515,-0.03592159,-0.044218007,-0.0053484454,-0.012994712,-0.011680018,-0.012359634,-0.03618172,-0.0060753226,0.012605913,0.0061302707,0.078119226,0.011878299,-0.01029768,-0.02329989,-0.045086905,0.0050634528,-0.021875735
0.10102363,0.14856875,0.013920859,0.06503261,0.051673464,0.105338156,1.0000001,0.098753065,-0.05047289,-0.0136550395,-0.054047115,-0.015406821,-0.033060625,-0.011295484,-0.06103291,-0.023645638,0.006759614,-0.00899916,0.0047926614,-0.02670212,-0.029255599,-0.033256777,-0.020967908,-0.025306314,-0.068732984,-0.020099543,-0.041017212,-0.045972217,-0.026570197,-0.046319496,0.008342218,-0.049485978,-0.035891827,-0.023195146,-0.026628187,-0.01368599,0.06665671,0.001249284,-0.037561826,-0.01118961,0.017458938,-0.0031154272,0.0012435801,-0.00449119,0.0054689525,-0.017075136,-0.059110843,-0.057662,-0.0060136355,0.011611313,-0.0034170914,-0.038408644,-0.023531837,0.00934038,-0.014911982,-0.030527234,-0.004502094,-0.032292645,-0.11213361,-0.018705387,-0.041539904,0.012274544,-0.049067445,-0.0124482885,0.007883596,0.015865756,0.025842967,0.006253261,-0.011507541,-0.005894776,-0.06294507,-0.009982265,-0.0058120037,0.012585286,-0.03206146,-0.002842972,-0.001754661,-0.005958708,0.027746597,0.12165792,0.052794524,0.07361673,-0.03459593,-0.025352858,0.014194925,-0.027260683,0.03321316,-0.03294127,0.025378235,-0.011209763,-0.0015861124,0.018818378,-0.053379882,-0.011091239,-0.0069122356,-0.047585547,0.048155367,-0.033263393,-0.01468738,-0.010219319,0.027029216,0.0009466849,-0.013094254,0.0002716668,-0.031346057,-0.005265062,0.036898777,0.13567103,0.015647095,-0.001027605,-0.010933764,0.08399777,0.05791848,0.01470431,0.0020901675,-0.020444777,0.009577273,0.00218219,0.03712005,0.013674839
0.16370451,0.034808733,-0.025947817,-0.0312412,-0.02312538,0.0020212643,0.098753065,1.0,-0.014076749,-0.049835496,0.00041136536,0.063434124,-0.052069608,0.013983433,0.0022504004,0.0514789,0.00047865137,-0.008771302,-0.011132993,-0.062104613,0.1560953,0.018794889,0.05358578,0.015219334,-0.06287098,-0.04674226,-0.04140657,-0.054162532,0.041480567,-0.0038619353,-0.013217411,-0.03469632,-0.04649732,-0.05055928,-0.03745532,-0.016452838,0.02478282,0.061972667,-0.046512887,-0.046202615,-0.06512651,-0.031501055,0.0013322304,-0.051338926,0.08319729,0.05754593,-0.07977509,0.00649447,-0.010880472,0.006932547,0.0124094095,-0.016475556,0.00634627,-0.05869672,-0.072309025,-0.061737128,-0.04328837,-0.031723965,-0.09445226,0.009046733,-0.01718139,-0.037466623,-0.05085779,-0.068213165,0.03278451,-0.030210488,0.0053523746,0.006782395,-0.017485496,-0.059213236,-0.0700155,-0.044023313,0.05640522,-0.042342987,0.0183918,-0.042307645,0.13916452,-0.04531235,-0.016148558,0.04367956,0.0125956265,0.009905714,-0.04353959,0.05908469,0.027613778,0.09621762,0.17506967,0.024123326,-0.04919055,0.017536663,0.024517909,-0.01725355,-0.078172386,-0.034630515,0.09393603,-0.004920437,-0.037284646,-0.030755568,-0.011431653,-0.013213541,-0.0427681,0.16134247,0.031265013,-0.06867011,-0.06587052,-0.04723711,-0.038315833,0.005350053,-0.05087753,-0.041186366,0.037104335,0.051714115,0.099202685,-0.027908456,-0.028679935,-0.06055212,0.0968962,0.021753807,-0.056545176,-0.010422204
-0.03844332,-0.061648156,-0.05638067,-0.019551592,-0.040361278,-0.026088415,-0.05047289,-0.014076749,1.0000001,-0.008468094,0.006899433,0.04160993,0.11473036,0.0106975725,0.03033125,0.06904245,0.06907393,0.24318694,-0.066936776,-0.0020171497,0.09209266,0.03186143,0.048139684,-0.05156017,-0.05137371,0.03429987,0.0073701455,0.056380715,0.004906939,0.10245346,-0.029218838,-0.012431887,-0.053462505,0.048976496,-0.034722358,-0.050020453,-0.0677315,-0.047076263,-0.029722068,-0.018159645,0.0009580855,-0.04383765,0.010077508,-0.022051992,-0.017702824,-0.050721493,-0.047687605,-0.026268702,-0.04320112,0.0031354204,-0.011482045,-0.014427042,-0.041580092,-0.063187785,-0.0077485694,-0.009992488,0.02108662,0.08422852,0.119502544,0.023433868,0.19635217,-0.07625414,0.017056247,-0.016598195,-0.030400755,-0.022287335,-0.054257926,-0.05377729,-0.02711847,-0.039458334,0.0019704336,-0.029982995,-0.07541894,-0.0536092,0.06779971,-0.028075086,0.0049614212,0.00730353,-0.055276122,-0.01311363,-0.06049669,-0.07624774,-0.059846684,0.015058537,-0.009935388,0.06313574,0.03661212,0.0043533803,-0.074966796,-0.012937469,-0.022304576,0.15237807,0.12654442,-0.039880145,-0.015038076,0.08711583,-0.010712175,-0.020708589,0.011991909,-0.025218021,-0.035121825,0.06791156,-0.0007373628,0.044668727,-0.032935906,-0.048362736,-0.030353442,-0.040676042,-0.037440877,-0.02342977,0.035957847,-0.0364982,-0.052342586,-0.04901595,-0.029365007,-0.0191489,0.046250883,0.053172536,0.012996435,-0.025104236
-0.05273486,0.017912798,-0.025288329,-0.012091309,-0.007726789,-0.039142855,-0.0136550395,-0.049835496,-0.008468094,0.9999998,-0.025402293,-0.05795041,-0.0077070217,-0.022649694,0.025451377,-0.014651565,0.010858916,-0.03636323,0.07139182,0.048480455,-0.0026946426,-0.004284935,-0.018716935,-0.028663704,0.05650561,0.14240037,0.07184464,-0.017076056,-0.05890902,-0.080935545,-0.017326526,-0.04795612,0.04366886,-0.04087711,-0.03865159,-0.029673558,0.02696953,-0.045480058,-0.026990602,0.019926075,0.010696977,-0.0064450316,-0.039716497,-0.005257857,0.01924104,0.035797246,0.022266807,0.016951187,-0.0068951547,0.075014174,-0.0062395614,0.035582706,-0.019104127,0.035617284,0.040966585,0.0046192715,0.0042881113,-0.04007759,-0.032122422,-0.032224566,-0.01696184,0.013401242,0.06831475,0.06567177,-0.03811507,-0.023760423,-0.002167118,-0.0043803127,0.054176304,0.07510956,0.040161338,0.025888667,-0.04033636,0.031505793,-0.034697685,0.10706112,-0.033037536,0.03383499,0.021428868,0.029767018,-0.019083057,-0.024228798,0.05951364,-0.035823885,-0.0036531086,0.0021841673,-0.028866217,-0.009959241,-0.030687097,-0.02756302,-0.05235307,-0.023561856,-0.0007153754,0.05324224,-0.04583955,0.029364388,0.004016887,-0.07085551,-0.043633003,-0.043363243,0.007955985,-0.010466943,-0.059675757,0.072518826,0.0823351,-0.011008978,-0.012142723,-0.024332816,-0.019070404,-0.021997865,-0.052842177,-0.075977206,-0.05073258,0.0078023174,0.00615717,0.046940103,-0.030433789,-0.014588358,-0.0124574285,-0.021824038
0.0007790751,-0.051867828,-0.029547408,-0.025552059,-0.030941606,0.054516084,-0.054047115,0.00041136536,0.006899433,-0.025402293,1.0,0.19271033,0.13629471,0.11222311,0.06989585,0.17537113,0.12822205,0.063429505,0.011260182,-0.0058978796,0.0049165217,-0.020772869,-0.007686741,-0.045946073,0.04253424,-0.013072994,-0.021268535,0.020172313,-0.005645484,-0.02741755,-0.0305682,-0.017663075,0.005807668,-0.037672743,-0.07407315,-0.04217683,-0.015480277,-0.03877944,-0.033340164,-0.033288628,-0.034451466,-0.057269692,-0.0042122984,-0.02970129,0.021228157,-0.014764564,-0.026653308,-0.03250482,-0.0005597953,-0.04294859,-0.018551964,-0.021896895,-0.022378406,-0.008796259,-0.03868191,-0.04248494,-0.014331708,-0.032603983,0.010785755,0.05236878,0.036367662,0.07450575,0.061375774,0.0072383545,0.07649636,0.033461556,0.018354444,0.12923692,0.027107654,0.016102498,-0.042487882,-0.06576837,0.005443103,-0.046928033,-0.05215068,-0.020415317,-0.050308753,-0.026775636,-0.008428578,-0.0323167,0.002590553,-0.006645226,-0.01692723,-0.026752178,-0.038068585,0.025563888,-0.009930715,0.055172414,-0.022438569,0.040628925,-7.245224e-05,-0.0054204287,-0.026169667,-0.07089368,0.023037333,-0.011945965,0.008333073,-0.008578725,0.009826969,-0.002423535,-0.006993661,0.043711755,-0.004743695,-0.016984282,-0.039548878,-0.016699258,-0.030043377,-0.033443592,-0.045718253,-0.03958583,-0.028407058,0.007928654,0.033088088,-0.03178785,-0.034431014,0.021415278,-0.062057503,-0.0077611874,-0.047291342,-0.009113809
0.04988703,-0.04207786,-0.041631788,-0.047941,0.0030677353,0.004328898,-0.015406821,0.063434124,0.04160993,-0.05795041,0.19271033,1.0000001,0.029595971,0.12899855,0.042448983,0.2373601,0.20805034,0.08167251,0.025315454,-0.060716335,0.07803799,0.0090291705,0.024385728,-0.045829244,-0.01010587,0.009117315,-0.096265525,-0.0036619538,-0.025168914,0.027595585,-0.006900874,-0.010528255,-0.047370248,-0.05961617,-0.00891495,-0.008280268,-0.03392823,0.013024364,0.0060345493,-0.006451976,-0.00032171886,-0.06591275,-0.021971876,-0.028817302,0.017108819,-0.03582531,-0.06833427,-0.0729108,-0.06965459,-0.030608328,-0.0483589,-0.034398455,0.013840859,-0.021915952,-0.048983295,-0.037912145,0.0284857,0.04454641,-0.006805829,0.04016233,0.024153998,0.017545344,-0.058321804,-0.014794575,0.045050137,-0.050023254,0.0039607887,0.052212033,0.032948453,-0.02698775,-0.05995693,-0.0025744746,-0.023623405,-0.049492557,-9.432901e-06,-0.057800706,-0.022637943,-0.065060936,-0.01128692,0.048961572,0.020649448,-0.008830969,-0.07206181,0.006897888,0.001986092,0.0022289625,-0.010059239,0.048838936,-0.027884226,0.04838656,0.083642244,0.003363227,-0.018803202,-0.028443897,0.017300524,-0.05195427,0.07398704,0.013056813,0.016870579,-0.0029539117,-0.080266334,0.07279721,0.011251529,-0.018525688,-0.05023639,0.021307988,-0.005888967,-0.05020833,-0.016516652,-0.025245352,-0.013671258,0.07875368,0.08482262,-0.03474211,-0.026253946,-0.03883937,-0.05204397,0.016571686,-0.043497298,-0.011021156
-0.017451799,-0.002040723,-0.029361371,-0.014357902,-0.03457774,-0.009867518,-0.033060625,-0.052069608,0.11473036,-0.0077070217,0.13629471,0.029595971,0.99999994,0.059366707,0.1384548,0.059063576,0.01855567,0.20461531,-0.02597073,-0.028997617,-0.028937513,-0.0547605,0.0041797133,-0.036359165,0.10943157,-0.00012438744,-0.02564254,0.0135513805,-0.024749357,0.0144884875,-0.027440324,-0.039678864,-0.034214836,0.0267052,-0.045903713,-0.0023293304,-0.03807384,-0.05435067,-0.04216503,-0.036256876,0.023710158,-0.014645295,0.040654738,-0.019104637,-0.055874452,-0.040611673,-0.044517472,-0.048362657,-0.05879688,-0.055320613,0.004197572,-0.031554665,-0.03679568,-0.009652179,-0.052132186,-0.012935056,0.019267099,0.0391531,0.04231534,-0.0028891081,0.068782516,-0.017285753,0.038881093,0.029967746,-0.01829504,-0.027139446,-0.040866572,0.023922995,0.03074838,0.0643366,0.01566599,-0.06895249,-0.032108475,-0.0779507,0.047136556,-0.037370052,-0.06262106,-0.0026558249,-0.00300411,-0.008000421,-0.052889615,-0.04733811,-0.02631187,0.050457064,0.034459725,0.02577227,-0.006660329,0.03175554,-0.013992719,-0.0071949814,-0.024837837,-0.017896758,0.1142717,0.033715315,-0.04228543,0.06573776,-0.008925786,-0.04666482,-0.01592365,-0.028403595,-0.06070303,-0.015971199,-0.016706739,0.0428034,-0.016082816,-0.014434114,-0.050214484,-0.04206276,-0.044951104,-0.012198908,0.013936497,0.008387078,-0.056082796,-0.07065126,-0.06710536,-0.004701795,-0.012959648,0.0021161484,-0.005097888,-0.0073152855
-0.011351028,-0.028988536,-0.055536512,-0.013051147,-0.013509872,0.007803142,-0.011295484,0.013983433,0.0106975725,-0.022649694,0.11222311,0.12899855,0.059366707,0.9999999,0.11105133,0.147151,0.06489029,0.036967125,-0.05384417,0.011419147,-0.017927207,-0.009475071,-0.07927673,-0.018581541,0.0058268826,-0.012224151,-0.020875745,-0.014999809,-0.031316943,-0.021973073,0.010413503,0.02846308,0.03109522,-0.07060363,-0.034416728,-0.020823898,-0.0077731796,-0.022173995,0.029911209,-0.052883815,-0.035380747,-0.018418038,-0.055802073,-0.020343255,-0.023128528,-0.0154784005,-0.004993333,-0.017125458,-0.028830506,0.0011851727,-0.03234881,-0.016877824,-0.05564241,-0.034860726,-0.021060573,0.033386845,-0.061092466,0.0073649706,0.011444668,0.16340174,-0.024663685,0.061683774,-0.05236477,0.047380984,0.022072723,-0.029533163,0.0026044399,-0.02435626,-0.00725427,-0.0459671,-0.004191311,-0.036719684,-0.029058851,-0.036025334,-0.014174722,-0.055526864,0.041985337,-0.032334685,-0.06626052,-0.029284203,-0.028860904,0.011419732,0.017913565,0.073821194,-0.041403558,0.0919069,0.024273295,0.08042251,0.020123115,0.058389895,0.09419882,-0.025733385,-0.022869308,-0.00083093473,-0.024682263,0.02387151,0.016407812,0.01678578,0.0015172183,-0.0328543,-0.03000642,-0.030047834,-0.018168952,-0.02268688,-0.045866065,-0.06574483,-0.06537559,-0.05636687,-0.052331038,-0.065447494,0.012812343,-0.007609403,0.015097048,0.0020203902,-0.011762785,0.018291056,-0.045638457,0.0041500167,-0.0074434634,-0.0038291942
-0.05121362,-0.009228239,-0.029643238,-0.02563229,-0.04669559,-0.0041778814,-0.06103291,0.0022504004,0.03033125,0.025451377,0.06989585,0.042448983,0.1384548,0.11105133,1.0,0.04530372,0.021145139,0.10371907,-0.012706345,-0.023286633,0.014980678,-0.0010062712,-0.009377162,-0.042204015,0.055692792,0.034761053,0.0023839092,0.027918898,0.029253345,-0.039479602,-0.022789182,-0.012595505,0.009447058,0.0031211134,-0.028887203,-0.014137404,-0.05570832,-0.045686867,-0.052332196,-0.059601717,-0.0022332193,-0.08417082,-0.012442453,-0.030292105,-0.04735282,-0.019829893,0.03584376,-0.0096413,-0.016276786,-0.04874168,-0.011277871,-0.06917425,-0.052906774,-0.05369385,0.05216304,0.052860837,-0.027953686,0.026869524,0.02537571,0.054113086,0.04227364,0.017353825,0.059804134,0.13806452,0.004447638,-0.03808297,-0.03152674,-0.026547965,-0.0013164415,0.0102828145,0.028642122,-0.030055273,-0.053488348,-0.06778047,0.017696459,-0.055711627,0.05977667,-0.032934036,-0.06726188,-0.04073698,-0.007598778,-0.052124377,-0.020566467,0.15439261,0.0394131,0.19727322,0.095326625,0.04886161,0.0054318174,0.027853362,0.08677937,-0.02727285,-0.019527406,0.0493001,-0.061741512,0.06356481,-0.071096346,0.0006299685,-0.0060895756,-0.037892062,-0.007883442,-0.01383846,-0.016801324,0.0012157671,-0.016748857,-0.055894937,-0.059657313,-0.055053063,-0.048438214,-0.048875615,0.020705784,-0.0373934,-0.062055428,-0.034918148,-0.046030734,-0.01312571,-0.0035842923,-0.0102527635,-0.043293174,-0.025955163
-0.017959919,-0.02238927,-0.03814557,-0.04287755,-0.012773591,0.045314442,-0.023645638,0.0514789,0.06904245,-0.014651565,0.17537113,0.2373601,0.059063576,0.147151,0.04530372,1.0,0.30046982,0.10412743,0.04135257,-0.049724657,0.021265823,0.009286896,0.07700271,-0.06509547,-0.0035997895,0.016360296,-0.025023347,0.013526677,0.0035197893,0.0007408019,-0.021552557,-0.01631251,-0.03886029,-0.015010649,-0.028505107,-0.051554836,-0.02700647,0.055438492,-0.034916595,0.0009680982,-0.045445967,-0.07401916,-0.035981394,0.0030757776,-0.0026612338,-0.038474206,-0.048772175,-0.023919985,-0.03073788,-0.0195323,-0.055045992,-0.027688526,-0.035584718,-0.047518168,-0.020848643,-0.034894824,-0.035468645,0.0147685055,-0.009258254,0.100052975,0.017440898,0.051366087,-0.017349122,-0.01148139,0.08013645,-0.0043473095,0.06289355,0.056315742,-0.063229196,-0.055209152,-0.03235182,-0.0587121,-0.047436606,-0.042534623,-0.04384519,-0.07289483,-0.06827312,-0.037981197,-0.030288035,0.011953884,0.015330299,-0.008598739,-0.02697451,-0.006372857,-0.021622261,-0.0022237778,-0.070619956,0.07005157,-0.040456735,0.048626043,0.047389977,0.059667513,0.011217425,-0.058505904,-0.024538323,0.04403262,0.06438337,-0.012952973,-0.02781707,-0.0040238826,-0.07466331,0.08322811,0.024526987,-0.03134961,-0.02219552,0.018866887,-0.013324824,-0.044948265,-0.050280467,-0.030247193,-0.0024253773,0.005855241,0.0067468537,-0.05359948,-0.06856353,-0.033168003,0.0088394545,-0.0080819605,-0.0055979313,-0.004033971
-0.011122918,-0.06458513,-0.075194,-0.03147059,-0.01707736,0.012215503,0.006759614,0.00047865137,0.06907393,0.010858916,0.12822205,0.20805034,0.01855567,0.06489029,0.021145139,0.30046982,1.0000001,0.10141646,0.03828617,-0.031467665,0.05866153,0.05402104,0.1021029,-0.061427806,0.041466773,0.051239926,-0.04336842,0.010300118,-0.028524695,0.026699785,-0.04394477,-0.023180867,-0.010470526,-0.0029769419,-0.03951781,-0.024089767,-0.02666628,0.050849147,-0.002862339,-0.026994145,-0.0025396154,-0.056935355,-0.007743288,-0.027190078,-0.021876786,-0.055210374,-0.019538501,-0.10301384,-0.051753726,-0.040160358,-0.043098133,-0.05359623,-0.027004657,-0.020689873,-0.01684719,-0.053907044,-0.007963496,0.010201965,-0.0055820886,0.006190668,0.06316686,0.021533046,-0.0051827594,-0.043953817,0.110173665,-0.0010972982,0.03812119,0.070524424,-0.049398936,-0.035688117,-0.078153886,-0.02175456,-0.03350779,-0.03622798,-0.039333846,0.0047369534,-0.06102981,-0.03696239,-0.064584084,0.01770658,-0.0183,-0.049703803,-0.034261372,-0.014388658,-0.03655191,-0.0017944502,-0.098038845,0.0268781,-0.026737217,0.02573837,0.027535932,0.028646827,-0.012546937,-0.059892237,-0.057779156,0.02850835,0.06411585,0.0040364526,-0.015464526,0.031597883,-0.07602186,0.09029169,-0.05406969,-0.045686293,-0.045134064,-0.023415491,-0.017731287,-0.04671813,-0.035645362,-0.015806124,-0.016424706,0.020317253,-0.015175298,-0.04179942,-0.039778996,-0.050031025,0.039734982,0.003638053,-0.00015868712,0.007003122
-0.0012071645,-0.046954952,-0.01931851,-0.06411581,-0.030021733,-0.023312751,-0.00899916,-0.008771302,0.24318694,-0.03636323,0.063429505,0.08167251,0.20461531,0.036967125,0.10371907,0.10412743,0.10141646,0.9999999,-0.03972261,-0.038960803,0.027858973,-0.039407782,0.022217358,-0.06250697,-0.011077771,0.045681212,-0.060873773,0.0571494,-0.0417359,-0.0023346446,-0.025386563,-0.023637414,-0.033231907,0.06304004,-0.008745095,0.0054634437,-0.041073874,-0.058761235,-0.054739274,-0.03488423,-0.0070556095,-0.07076665,0.0076986915,-0.027676806,-0.020710092,-0.041967057,-0.017269209,-0.034970783,-0.057467133,-0.018781684,-0.011230333,-0.01744913,-0.03766851,-0.040108696,0.021035975,-0.033354156,0.07951328,0.027569918,0.05561844,0.025855003,0.18878296,-0.013275541,0.09393585,0.005858813,0.028467689,-0.023665495,-0.060945917,-0.0037738224,0.0062358007,0.0032646786,-0.0108978115,-0.03320138,0.0035768957,-0.058847513,0.028404437,-0.012930263,0.030449703,-0.027233053,-0.027026283,0.016483083,-0.017472282,-0.024113236,-0.050732262,0.028925434,0.0017801905,0.06447672,0.026429802,0.029037103,-0.0461293,-0.014912875,-0.017689088,0.06313632,0.048156194,-0.042225473,-0.043663584,0.053308874,-0.027006153,-0.027706346,-0.024200272,-0.018920222,-0.0946368,0.05359269,-0.012371083,-0.020808507,-0.064539984,-0.0022453116,-0.012949313,-0.04334901,-0.038031522,-0.04598853,-0.004668878,-0.0018257807,-0.019386398,-0.055254415,-0.04631896,-0.057793796,0.008007509,0.04170917,-0.002843254,-0.013646314
-0.043269623,0.018894335,0.0040241005,0.0021137432,-0.025083981,0.008171536,0.0047926614,-0.011132993,-0.066936776,0.07139182,0.011260182,0.025315454,-0.02597073,-0.05384417,-0.012706345,0.04135257,0.03828617,-0.03972261,0.9999999,0.015100358,0.06556145,0.1283701,0.011763784,0.0019038599,-0.015779553,0.15091397,0.12500003,0.017773768,-0.039673388,-0.034362476,0.021891559,-0.035500947,-0.045087427,-0.015314154,-0.04247694,-0.030920759,-0.054183763,0.045669682,-0.011237981,0.0149516575,-0.028897645,-0.06902795,-0.07998665,-0.00024422607,0.00567509,-0.05453472,0.0049778456,-0.03185184,-0.042900085,-0.030690158,-0.022133583,-0.031056356,-0.015634159,-0.06051102,0.013558969,-0.031796966,0.04710228,-0.0036334582,-0.047504667,-0.018824123,-0.033911776,0.053459216,0.0060769236,-0.022921855,0.0058401437,0.016499361,0.016323837,0.036761634,-0.04420376,-0.031812567,-0.022333654,0.106300935,-0.05679263,0.009487074,-0.043604225,-0.030468825,-0.057472587,0.017890124,-0.007131519,0.051290166,0.084252,0.090214394,0.005057278,-0.071423195,-0.012628,-0.043369185,-0.049490236,-0.03932527,-0.015268079,-0.0078110015,-0.023358414,0.012985444,-0.013610216,-0.039069496,-0.05090802,0.023545813,0.012416661,0.020338906,0.014040355,0.047490112,-0.075582266,-0.03825275,-0.026024556,0.031325318,0.0037944345,0.10973443,0.06087997,0.033210237,-0.010475962,0.011104968,-0.07462414,0.0071204146,0.023490643,-0.042961877,-0.0023377924,0.028383113,-0.021842325,0.013887234,-0.014268735,-0.02887844
-0.076034404,-0.015078928,-0.06297528,-0.024882317,-0.04289303,-0.056999464,-0.02670212,-0.062104613,-0.0020171497,0.048480455,-0.0058978796,-0.060716335,-0.028997617,0.011419147,-0.023286633,-0.049724657,-0.031467665,-0.038960803,0.015100358,1.0,-0.012430372,0.030627653,0.016787762,0.035962738,0.11703517,-3.6578625e-05,0.2408695,-0.011887373,-0.010601384,-0.011429638,0.025721353,0.05661765,0.0069852215,0.07626516,0.01281011,0.006379154,-0.039077066,0.009529682,0.017159715,0.003059973,0.019464113,0.06405227,-0.009159441,0.010388942,-0.06938399,-0.009732126,0.056538377,0.10830388,-0.004046826,-0.015477046,-0.03883609,0.06273076,-0.010747669,-0.028441207,-0.023009293,0.009407109,-0.011799249,-0.03512669,0.045258936,-0.018431503,-0.036313657,-0.017706769,0.024887005,-0.048689764,-0.054676376,-0.037849925,-0.03974097,-0.02508845,-0.066060536,-0.009142238,-0.0050615687,0.0667991,-0.06380234,-0.0014942931,0.0038390448,0.03306014,-0.038572088,0.042821147,0.046749577,-0.043013066,-0.025333945,0.027850384,0.051566128,-0.025974764,0.0140953045,-0.016872847,-0.082891084,-0.008624866,-0.026491519,-0.05068806,-0.0004396271,-0.017973704,-0.031381488,0.0021289168,-0.05931452,0.026612118,-0.006335959,0.0038863132,0.055479094,-0.02637872,-0.011571165,-0.040466927,-0.0046948893,0.06752386,0.048754074,0.04609508,0.023571372,-0.04182604,0.013990728,0.012943037,-0.044899937,-0.07859455,0.0017937003,-0.02704038,-0.02258762,0.012008654,0.029469168,0.0249031,0.019436166,0.009532825
0.13534302,-0.015787553,-0.025687419,-0.000534263,-0.04099977,-0.031802427,-0.029255599,0.1560953,0.09209266,-0.0026946426,0.0049165217,0.07803799,-0.028937513,-0.017927207,0.014980678,0.021265823,0.05866153,0.027858973,0.06556145,-0.012430372,0.99999994,0.22133893,0.11692767,-0.014390553,-0.07100841,0.10357551,0.0070795547,0.09187684,0.08401714,0.08664112,0.007408856,0.007984169,-0.04046353,-0.01161669,-0.008363195,-0.0866103,-0.00641187,0.0030335933,-0.05834545,-0.04547693,-0.056586828,-0.033521928,-0.07982422,-0.06897393,0.077697806,-0.006710338,-0.029900033,-0.04713504,-0.020319974,-0.05063211,-0.029970568,-0.047158152,-0.042613618,-0.025255362,-0.04624832,-0.015602516,-0.034481123,0.009617105,0.011938622,0.0041588433,0.060652833,-0.018647466,-0.013276873,-0.06648105,-0.017429253,-0.029585492,-0.03470787,-0.06664632,-0.038940135,-0.043489397,-0.03369265,0.0021520308,-0.01865692,-0.042746577,0.030613007,-0.053636808,-0.024204226,-0.019424839,-0.063027196,0.003502369,-0.023363069,0.010264617,-0.052989982,-0.024337647,-0.036306273,0.063478544,0.14107153,-0.028965484,-0.045036778,-0.0013224622,-0.027243992,0.05400491,-0.038483012,-0.057235677,-0.00061945664,0.10840141,-0.028420446,-0.024574574,-0.038389545,-0.03836318,-0.019732255,0.10502534,0.025345543,-0.04842162,-0.025659995,-0.014875237,-0.056464337,-0.031393133,-0.048978515,-0.033913366,0.02126962,-0.006335566,0.03228433,-0.011280166,-0.0362631,-0.010585848,0.14321393,0.048580926,-0.038270548,-0.0029427907
0.004788342,-0.026129387,-0.03450729,-0.0312649,-0.012222199,-0.0121121975,-0.033256777,0.018794889,0.03186143,-0.004284935,-0.020772869,0.0090291705,-0.0547605,-0.009475071,-0.0010062712,0.009286896,0.05402104,-0.039407782,0.1283701,0.030627653,0.22133893,1.0,0.11565213,0.0048321444,-0.038926944,0.16870166,0.05660538,0.06414453,0.03463245,0.09945355,0.008359038,-0.030055758,0.00077948766,-0.033009194,-0.037582446,-0.04677074,-0.023055866,0.0064790025,-0.029396076,-0.037319053,-0.034769587,-0.00010596821,-0.07367311,-0.045007594,0.05635383,-0.040207632,-0.023459882,-0.04204052,-0.07208851,-0.01913391,-0.035266537,-0.026684415,-0.013152554,-0.06204904,-0.03491746,-0.05080102,-0.027708698,0.046038702,0.011259601,0.0075222813,0.008754861,0.0065807845,-0.04583533,-0.053903446,-0.004087559,-0.037335213,-0.008135887,-0.046439838,-0.04704613,-0.038078025,-0.0125155635,-0.03831839,-0.030164825,-0.004201954,0.05839621,-0.09121583,0.020864284,-0.005133234,-0.047110032,-0.03663132,-0.045459878,0.025504302,-0.020203428,-0.005159136,-0.02408459,0.012269018,0.00998684,0.032690525,-0.04696753,0.020959493,-0.019307435,0.046936132,0.022718871,-0.037527572,-0.03220234,0.14047056,0.030322487,-0.0043107234,0.00060503837,0.032040812,-0.017369209,0.07642246,0.01815902,-0.019921536,-0.04553956,0.011380499,-0.044052046,-0.030479636,-0.03612348,-0.009852394,-0.025400043,-0.04746516,0.021595486,-0.043155037,-0.012532598,0.0022878875,0.07193702,0.0743806,0.021464588,0.047375627
0.085483335,-0.044413626,0.0124188755,-0.030957883,-0.05330386,0.013062956,-0.020967908,0.05358578,0.048139684,-0.018716935,-0.007686741,0.024385728,0.0041797133,-0.07927673,-0.009377162,0.07700271,0.1021029,0.022217358,0.011763784,0.016787762,0.11692767,0.11565213,1.0,-0.0010912148,-0.029115425,0.089733295,-0.016293857,0.038530994,-0.020810798,0.046437856,-0.010609717,-0.030207166,-0.05176826,0.0031820869,-0.04413794,-0.03357493,0.0077639585,-0.001488857,-0.03758734,-0.0379615,-0.032240663,-0.07322684,0.0048404774,-0.061652917,0.04599323,-0.032142866,-0.04001675,-0.017832002,0.057867125,-0.06381073,-0.020894397,-0.063682854,0.029011868,-0.067662776,-0.050495774,-0.016457621,-0.03055573,-0.01372704,-0.026640743,0.009793111,0.11399108,0.01808551,0.0056420155,-0.061171606,0.14834312,-0.002212477,-9.941868e-07,0.025616396,-0.0504328,-0.0019042518,-0.016555835,0.0053844,-0.026098218,-0.0113475695,0.035937168,-0.061103564,0.023252368,-0.004045458,-0.057640005,-0.018417442,-0.052384023,-0.006152454,-0.035505,-0.065727845,-0.027314074,0.0076963985,0.006740458,-0.009076347,0.005450618,-0.015331544,-0.041598037,-0.014169512,-0.0002536911,-0.045572907,0.011568557,0.0317304,-0.008214326,0.016278464,-0.0516439,0.048170462,-0.05990367,0.1490889,-0.045651574,-0.055956244,-0.06227045,-0.016876193,0.0036464476,-0.054777786,-0.00074434234,-0.026500244,-0.018426947,0.004416718,0.0325695,-0.06593237,-0.045172248,-0.0047764475,0.08932756,0.08595255,0.036167465,0.053102925
-0.024685148,0.0065986337,-0.037022434,0.00880621,0.029373687,-0.01973488,-0.025306314,0.015219334,-0.05156017,-0.028663704,-0.045946073,-0.045829244,-0.036359165,-0.018581541,-0.042204015,-0.06509547,-0.061427806,-0.06250697,0.0019038599,0.035962738,-0.014390553,0.0048321444,-0.0010912148,1.0000001,-0.013226578,-0.075973436,0.013053303,-0.01703634,-0.008121975,-0.026820157,-0.024694977,0.0162971,0.008673871,-0.019926043,-0.051012926,-0.021733593,-0.016506718,0.003023841,-0.05222811,-0.07099829,0.0010781242,0.046074208,-0.032610264,-0.035277735,-0.0025171125,0.02543594,0.010342742,0.069702804,0.02241815,-0.009167551,-0.060651094,-0.034535732,-0.0365055,0.008929973,-0.014520801,-0.048895907,-0.022782207,-0.051687267,-0.014818593,-0.047007017,-0.032543298,-0.038035266,-0.036561444,-0.05567046,-0.0054479954,-0.026925394,-0.05628044,-0.03854169,-0.05660136,-0.037199978,-0.02742314,-0.013389334,0.08951455,0.046739604,0.117640875,-0.06769761,0.022722779,-0.024789345,-0.021776773,-0.018002618,-0.0008713284,-0.02945454,0.02964269,-0.027554564,0.14433391,-0.013492095,0.023077538,-0.051247098,-0.047364257,-0.049087267,-0.015791971,-0.03948498,0.02756483,0.053821035,0.010402314,-0.02902773,0.025367241,0.10625285,0.1414634,0.103703246,-0.021149226,-0.022990473,0.09670893,0.011433958,-0.044093397,-0.009211103,0.06262073,-0.01938156,0.025369368,0.15920472,0.06471503,-0.028456451,-0.0016802946,0.016469736,-0.027075205,0.0006838278,-0.00871958,0.029398229,0.033702947,0.065286465
-0.0718956,0.0061237398,0.01829138,0.018858312,-0.0103220595,-0.03725853,-0.068732984,-0.06287098,-0.05137371,0.05650561,0.04253424,-0.01010587,0.10943157,0.0058268826,0.055692792,-0.0035997895,0.041466773,-0.011077771,-0.015779553,0.11703517,-0.07100841,-0.038926944,-0.029115425,-0.013226578,0.9999999,0.0014550854,0.06775889,-0.047981355,-0.093903996,-0.025021464,0.0272961,0.057983432,-0.03013857,0.09453356,0.043476984,0.06770679,-0.025789162,0.08663053,0.11840143,0.06659346,0.08181612,0.03979617,0.04798584,0.097862035,-0.067351036,0.010021384,0.00977134,0.025368745,-0.029243808,0.07287602,-0.008301462,0.08478575,0.013401149,-0.01698532,-0.0410705,-0.05755794,0.036607407,-0.039981313,0.020123718,-0.04532768,-0.033417225,0.01861471,0.009301556,0.008710466,-0.03444025,0.029853947,-0.019754156,-0.027489211,-0.003653834,0.02378227,-0.0060903113,-0.014551054,-0.035173915,-0.033034768,-0.015373613,0.1394424,-0.05871725,0.103637174,0.11195651,-0.037247885,-0.014857408,-0.009127354,0.07991545,-0.05727423,0.008181276,-0.07756628,-0.066720344,-0.04576657,-0.047096867,-0.04598105,-0.02145126,-0.09230828,-0.042657968,0.039245643,-0.061469924,-0.035006694,-0.02759943,-0.018754562,0.008945925,-0.042587426,-0.0041391896,-0.028382007,-0.06827974,0.06629911,0.006312214,-0.020827945,-0.031422194,-0.056608494,0.0044244095,0.010684999,-0.023478622,-0.027308166,-0.054735117,-0.017892847,0.014019569,-0.023303598,-0.029375797,-0.018978383,-0.0011318051,-0.0018366429
0.014014313,-0.015144496,-0.016559573,-0.031213015,-0.028547091,-0.028149068,-0.020099543,-0.04674226,0.03429987,0.14240037,-0.013072994,0.009117315,-0.00012438744,-0.012224151,0.034761053,0.016360296,0.051239926,0.045681212,0.15091397,-3.6578625e-05,0.10357551,0.16870166,0.089733295,-0.075973436,0.0014550854,0.9999999,0.016803974,0.03219568,-0.04884782,-0.02213075,-0.014721429,-0.001922476,-0.0277724,-0.025174683,-0.032434717,-0.045319814,-0.031528924,-0.004167255,-0.014584415,-0.009415088,-0.007702849,-0.051557116,-0.09811709,-0.015181464,-0.007016583,-0.0301411,0.02528915,-0.0021602116,-0.07070091,-0.04531198,-0.011438793,-0.01202671,-0.04211605,-0.031084366,0.042200312,-0.035552133,0.06267071,0.014838072,-0.014089899,-0.032737017,0.014443219,0.058577597,0.03465736,0.016026348,-0.01680694,0.008430482,-0.028841516,-0.01753944,-0.022457661,-0.00349356,-0.022530522,0.04728008,-0.03837874,0.0066551296,-0.0013569836,-0.02697856,0.014093004,-0.01845741,-0.028946232,-0.032789122,-0.03707209,0.009265715,-0.0515427,-0.049497105,-0.046221025,0.04046709,-0.03446444,-0.026911717,-0.014950171,-0.01440588,-0.024718545,-0.028895449,-0.008982992,0.0035603985,-0.02024496,0.05696778,-0.0051089707,0.036354568,0.02252799,0.023384009,-0.0068808086,0.017519943,-0.029124603,-0.0034531925,-0.017270982,0.052217007,-0.022475805,0.013332341,-0.028062088,-0.03362826,-0.012153175,0.016824823,-0.03875838,-0.03182604,0.0042134775,0.010407694,-0.05589755,0.073232636,0.023241274,-0.016210571
-0.05563903,-0.06327975,-0.058220305,-0.047353137,-0.014093676,-0.04210268,-0.041017212,-0.04140657,0.0073701455,0.07184464,-0.021268535,-0.096265525,-0.02564254,-0.020875745,0.0023839092,-0.025023347,-0.04336842,-0.060873773,0.12500003,0.2408695,0.0070795547,0.05660538,-0.016293857,0.013053303,0.06775889,0.016803974,0.99999994,-0.028589988,-0.026517417,-0.037464406,0.020658169,-0.017956914,0.007440364,-0.0070813284,0.02167231,-0.041981295,-0.03933114,0.01739103,0.0033640456,-0.0313597,0.036598682,-0.0014040128,-0.0033944165,0.01767862,0.009967576,0.0065765535,0.08101726,0.11766694,0.0056214724,-0.0398158,-0.015517311,-0.023859674,-0.037605483,0.0022375337,0.040937215,-0.012345748,-0.051758382,-0.01912997,0.033922687,0.028377406,-0.011476699,0.012254794,0.0006150445,0.00063915923,-0.043507807,-0.04736623,-0.022022063,-0.015303909,-0.02238601,-0.055087987,-0.014743784,-0.011020326,-0.036490474,0.04178662,-0.0064001866,0.027059546,0.0141048115,0.04350108,0.016522437,-0.040328816,-0.00095245976,0.031423934,0.06679023,-0.0012031447,0.005070369,0.0076814597,-0.018768288,-0.0025156308,-0.014365604,0.002013923,-0.014305686,-0.02212622,-0.039394654,0.008532681,-0.03245746,0.021359809,-0.042560734,0.010306131,0.0013292345,-0.041203875,0.05859402,-0.050288305,-0.04651046,-0.0018678587,0.028115343,-0.029834671,0.0022459254,-0.052785553,0.003262684,-0.022681925,0.0045197136,-0.043542154,-0.005053284,-0.032678146,-0.0069733667,0.036378544,-0.006535896,0.010500295,0.024904493,0.004022762
0.015819088,-0.028862046,-0.027062234,-0.032415263,-0.046042398,-0.039820347,-0.045972217,-0.054162532,0.056380715,-0.017076056,0.020172313,-0.0036619538,0.0135513805,-0.014999809,0.027918898,0.013526677,0.010300118,0.0571494,0.017773768,-0.011887373,0.09187684,0.06414453,0.038530994,-0.01703634,-0.047981355,0.03219568,-0.028589988,0.9999998,-0.006087094,0.070723206,0.024645343,-0.038224623,0.0024506538,-0.04252725,-0.041874763,-0.022887114,-0.031958893,-0.060645517,-0.05439633,0.017487774,-0.036909904,-0.052364435,-0.06652865,-0.022083556,0.02274965,-0.015863918,-0.03464517,-0.033558,-0.03510336,-0.04220754,0.0031376225,-0.043305207,-0.038168676,-0.026908446,0.03688573,0.05097382,-0.0077033085,0.081416845,0.15579602,0.12846519,0.15435505,0.03134417,0.01904268,-0.032373566,0.030200938,0.022091191,-0.017888162,0.016055848,-0.055324957,0.01304891,0.025406674,-0.025941502,-0.04994147,-0.033524968,-0.051054284,-0.02001819,-0.02282324,-0.01895763,-0.021867592,-0.101646975,-0.026296157,-0.025279159,-0.07631273,-0.020608697,-0.019171884,0.007153557,0.00765947,-0.030255517,0.014578899,-0.018071976,-0.009662084,0.011550883,0.036121257,-0.069595344,-0.0074380385,0.12589225,-0.002684855,-0.010257643,-0.0003305236,-0.0228034,-0.0410861,-0.06656114,0.006876927,-0.029735968,-0.035416458,-0.019050911,-0.043684956,-0.028357312,-0.025254957,-0.039115224,-0.058850218,-0.059803482,-0.04884998,-0.020529987,-0.02396102,0.0003697388,0.069914274,-0.028048612,-0.07202909,0.00011540251
0.0020253495,-0.024369044,-0.044046566,-0.03213536,-0.0003748314,-0.028041506,-0.026570197,0.041480567,0.004906939,-0.05890902,-0.005645484,-0.025168914,-0.024749357,-0.031316943,0.029253345,0.0035197893,-0.028524695,-0.0417359,-0.039673388,-0.010601384,0.08401714,0.03463245,-0.020810798,-0.008121975,-0.093903996,-0.04884782,-0.026517417,-0.006087094,0.9999998,0.24565302,-0.055805244,0.012983208,0.021012332,0.025179941,-0.008767308,-0.038563028,-0.018471956,-0.016716156,-0.04308319,-0.020156499,-0.013194306,-0.045785055,-0.050501063,-0.029199755,0.101205684,-0.0217967,0.078100085,0.01658578,0.016503893,-0.03814716,-0.010503701,-0.040923994,-0.038276866,0.026625449,0.027542036,0.005787341,-0.025660899,0.07584307,0.0012879227,0.022146607,-0.022479502,-0.032879755,-0.040850572,-0.020522458,-0.033485316,0.004129589,-0.0244934,-0.02101063,-0.052389074,-0.0640648,-0.021870447,-0.055169605,0.041251183,0.03463423,0.017103834,-0.013919087,0.030478382,-0.037853148,-0.03797498,-0.056616515,-0.04002775,0.0064428835,0.0058709793,0.06545477,-0.027246544,0.054567333,0.0403274,0.045797672,-0.034102548,0.01223826,0.0010971767,0.10955223,0.10361544,-0.018877452,0.10026993,0.07513416,0.004479196,-0.031653766,-0.040008165,-0.07009038,0.008295871,0.013886139,0.10936845,-0.040547267,0.012101499,-0.034652043,-0.020394642,-0.04236862,-0.0050297994,-0.033483557,0.06699226,-0.05587033,-0.009006146,-0.06329819,-0.008812548,-0.047349233,0.08592895,-0.0077593,-0.037359,0.010338896
-0.022102969,-0.053997226,-0.02581985,-0.012170987,-0.00061438326,-0.046085063,-0.046319496,-0.0038619353,0.10245346,-0.080935545,-0.02741755,0.027595585,0.0144884875,-0.021973073,-0.039479602,0.0007408019,0.026699785,-0.0023346446,-0.034362476,-0.011429638,0.08664112,0.09945355,0.046437856,-0.026820157,-0.025021464,-0.02213075,-0.037464406,0.070723206,0.24565302,1.0,-0.0042947414,-0.005383528,-0.004842838,-0.018380228,-0.022789836,-0.06916334,-0.0036710147,0.014430135,-0.022164512,0.0078012976,-0.024834355,-0.039914574,-0.032952767,-0.0118869245,0.102703676,-0.00024132244,-0.02928777,0.014672075,-0.04914567,-0.0541621,-0.005634843,-0.02760128,-0.033289433,-0.032654487,-0.022795752,0.017502794,-0.013691885,0.036149934,0.07290195,0.042674363,0.05015053,-0.034334425,-0.042912606,0.005606888,0.0007933723,-0.016013086,-0.0368302,-0.027497517,-0.011863658,-0.020222958,-0.039815124,-0.06112212,-0.03966072,-0.037791222,0.009671148,-0.025683612,0.017988924,-0.051344067,-0.047624536,-0.01699191,-0.01073183,-0.018610822,-0.06202321,0.042013448,-0.024924941,0.03408484,0.04201832,0.045796636,-0.01750775,0.027985906,0.04175206,0.15893692,0.0992254,-0.015039065,0.07349973,0.14688583,0.054140102,-0.0215815,-0.05602687,-0.028778147,-0.05116483,0.096182264,0.007207926,-0.03399006,-0.042682633,-0.0020837544,-0.045517113,-0.050808802,-0.024424732,-0.030096594,0.0022668769,-0.016604468,0.007181389,-0.05255592,-0.037071347,-0.02567291,0.08433776,0.015969058,0.012830216,-0.005355617
0.0024411909,0.00399842,0.010789323,-0.03582488,-0.0006010439,-0.042913996,0.008342218,-0.013217411,-0.029218838,-0.017326526,-0.0305682,-0.006900874,-0.027440324,0.010413503,-0.022789182,-0.021552557,-0.04394477,-0.025386563,0.021891559,0.025721353,0.007408856,0.008359038,-0.010609717,-0.024694977,0.0272961,-0.014721429,0.020658169,0.024645343,-0.055805244,-0.0042947414,1.0,0.0030285935,0.040433615,0.004586131,-0.025723703,-0.038258508,-0.006137724,0.10153729,0.1230749,0.06930085,0.034418937,-0.04001704,-0.06673841,0.06479419,-0.00880688,0.041079283,-0.008661382,0.006008979,-0.018255305,-0.021566242,-0.048823174,0.052710846,0.06113944,-0.0645202,-0.04569243,0.040831447,-0.0759454,-0.008132312,0.021555768,-0.016400754,-0.013160798,-0.017748244,-0.0068798326,-0.01133245,-0.00019637682,0.008386854,-0.016741462,-0.013604475,-0.017167728,-0.011355845,0.06266282,0.059389316,-0.046299584,-0.018240135,-0.044134382,-0.05145381,-0.04128588,0.06279782,0.096465155,-0.029661102,-0.037067056,-0.002216413,0.028266199,-0.019659653,-0.039580397,-0.060511373,-0.055789325,-0.026922379,0.0094642425,-0.037706897,0.016500957,-0.014065122,-0.021367092,-0.03965699,-0.030669736,-0.017145766,-0.02254541,-0.052203916,-0.023062404,0.00526317,-0.028429177,-0.010393567,-0.03160181,-0.03134823,-0.039318368,0.020685297,0.04810977,0.0143365655,0.011296515,0.010887917,-0.01990804,-0.014207873,-0.059087824,0.083035596,0.102210335,0.15028712,0.048938505,0.0074385675,-0.008690296,-0.010141576
0.011599592,-0.00075547444,-0.03215689,0.016909575,0.0034493464,-0.022322677,-0.049485978,-0.03469632,-0.012431887,-0.04795612,-0.017663075,-0.010528255,-0.039678864,0.02846308,-0.012595505,-0.01631251,-0.023180867,-0.023637414,-0.035500947,0.05661765,0.007984169,-0.030055758,-0.030207166,0.0162971,0.057983432,-0.001922476,-0.017956914,-0.038224623,0.012983208,-0.005383528,0.0030285935,1.0,-0.013824263,0.082532436,0.12163677,0.085547015,0.053603362,-0.004799714,0.04699622,-0.017597217,0.03252891,0.09688657,-0.0116101615,0.05975482,-0.019012386,-0.0042685056,-0.013178895,0.06602813,-0.03688511,0.038426016,0.019815762,0.02022179,-0.031461153,-0.009462823,-0.05102065,-0.040249933,0.019795816,-0.0074687717,-0.020816876,-0.027036207,-0.05534859,-0.006705734,0.009858327,-0.011651053,-0.02649846,0.00072780484,-0.040347785,-0.0056583555,-0.037585437,-0.025565354,-0.04513825,-0.052556723,-0.008948071,0.0072798273,0.034080014,-0.006392999,-0.02764247,-0.0073338225,0.0037061702,-0.009917939,-0.030903578,-0.0066377316,-0.008232054,-0.001955131,-0.0155642275,-0.019484606,0.010592126,-0.01020199,-0.0070365756,-0.011906774,-0.011778949,0.00050060474,0.012073963,-0.03320533,0.018627793,-0.06953859,0.0096213585,-0.020601526,-0.011266128,-0.019430261,0.041536797,-0.02186149,0.029984524,0.0033875909,-0.035906874,-0.026567597,-0.035070505,0.003672754,-0.0029920917,0.011533825,0.08960029,-0.021092478,-0.029359948,0.009391,-0.008378778,-0.040452704,-0.018567355,-2.3324974e-05,0.01010922,0.034848884
-0.035164233,-0.004999538,-0.020477625,-0.0019069007,-0.013449509,-0.020565178,-0.035891827,-0.04649732,-0.053462505,0.04366886,0.005807668,-0.047370248,-0.034214836,0.03109522,0.009447058,-0.03886029,-0.010470526,-0.033231907,-0.045087427,0.0069852215,-0.04046353,0.00077948766,-0.05176826,0.008673871,-0.03013857,-0.0277724,0.007440364,0.0024506538,0.021012332,-0.004842838,0.040433615,-0.013824263,1.0,0.034463715,-0.04048339,-0.024575943,-0.070145756,0.058056362,0.07011061,0.035204336,0.040394995,-0.007835871,-0.012629746,0.019512236,-0.010153111,0.036936052,0.09702251,0.11584274,0.074755035,0.045788944,-0.027220068,0.021977432,-0.009351721,-0.030109195,0.017185157,0.11777042,-0.06156254,-0.02518765,-0.010843709,0.03975392,-0.009856882,-0.021144466,-0.054826166,0.003245389,-0.0471535,-0.07271656,-0.054013565,-0.030041754,0.019303404,-0.0075596143,0.100320235,-0.028554967,0.007719311,-0.025369423,0.002815544,0.03331024,-0.03379751,-0.009569897,-0.026201017,-0.023671307,-0.02671379,-0.070704065,0.17939754,0.0070747426,-0.024094164,-0.020674586,-0.0804263,0.001716794,0.012413276,-0.03626832,0.000113934744,0.008928656,-0.004737605,-0.0465862,-0.00890787,0.044494268,-0.031468455,-0.04758022,-0.060944036,-0.012370646,0.058921643,-0.015697392,0.0010625613,-0.060567368,-0.02094867,-0.08414677,-0.03777717,-0.069758005,-0.013885863,-0.0058039203,-0.015619015,-0.058049217,-0.027879352,0.03488187,0.06399588,0.07804996,0.01981135,-0.033453383,-0.012772124,-0.019504521
-0.0042002434,0.008023074,-0.019840412,0.0036938773,-0.04210706,-0.048277743,-0.023195146,-0.05055928,0.048976496,-0.04087711,-0.037672743,-0.05961617,0.0267052,-0.07060363,0.0031211134,-0.015010649,-0.0029769419,0.06304004,-0.015314154,0.07626516,-0.01161669,-0.033009194,0.0031820869,-0.019926043,0.09453356,-0.025174683,-0.0070813284,-0.04252725,0.025179941,-0.018380228,0.004586131,0.082532436,0.034463715,1.0000002,0.12874457,0.038054273,0.013786502,0.097813435,0.14366797,0.022885164,0.17851892,0.046597037,0.068957366,0.010185019,-0.059128463,0.021571944,0.016676994,0.0619451,0.0448794,-0.040516917,0.045084033,0.09773184,0.016823592,-0.016128406,-0.04873129,-0.048917014,0.053923897,-0.0552491,0.041515794,-0.044382293,0.035303015,-0.0509773,0.1049992,-0.055190723,-0.04197858,-0.045117974,-0.04273696,-0.030480713,-0.012003314,-0.04959199,-0.007270684,-0.03297077,-0.034624938,-0.042576272,0.020817887,0.063443325,-0.00015726034,-0.014315093,0.016362526,0.0010130149,-0.009285055,-0.039094076,0.020684244,-0.061418194,-0.02551328,-0.006590487,0.009034574,-0.03956382,-0.037512828,-0.015493697,-0.061756134,-0.027802669,-0.00020243786,-0.044793468,-0.026830547,-0.028416362,-0.032914784,-0.03882286,0.008632369,0.004297982,-0.008550426,0.019449923,0.0042337,0.031082429,-0.07236188,-0.010875852,-0.053527318,-0.034919944,-0.0014603818,-0.029880174,0.044715613,-0.017270833,-0.05876591,-0.017053828,-0.009990247,-0.033826508,0.015909865,0.031081371,0.022345273,-0.04129514
0.010098355,-0.010757338,0.031382915,-0.033511065,-0.011285981,-0.06056253,-0.026628187,-0.03745532,-0.034722358,-0.03865159,-0.07407315,-0.00891495,-0.045903713,-0.034416728,-0.028887203,-0.028505107,-0.03951781,-0.008745095,-0.04247694,0.01281011,-0.008363195,-0.037582446,-0.04413794,-0.051012926,0.043476984,-0.032434717,0.02167231,-0.041874763,-0.008767308,-0.022789836,-0.025723703,0.12163677,-0.04048339,0.12874457,1.0,0.22539221,0.10918281,0.043583427,0.07470729,0.019546159,0.03099073,0.11614985,0.14641622,0.08184299,-0.041076556,0.0022781193,-0.034891523,0.033718213,-0.014586944,-0.001068268,0.08983368,0.057613216,0.07343547,0.051290568,-0.045463342,-0.05450982,0.022593748,-0.03219629,-0.009613129,-0.027703485,-0.049046885,-0.008148661,0.011140196,-0.048716296,0.009456139,-0.0222043,-0.019030564,-0.040489174,-0.038549896,0.0065545626,-0.034377005,-0.048188586,-0.017349133,-0.03341116,-0.03181796,0.043714475,-0.067786425,0.0012847397,0.0013768952,0.022032032,-0.015578557,-0.013351638,0.02712158,-0.033212736,-0.032902576,-0.060765754,-0.008161194,0.0048335716,-0.0048014065,-0.05517325,-0.0043802815,9.9067576e-05,-0.06314283,-0.047927257,-0.025044877,-0.08219045,-0.043772504,-0.056387335,-0.029816404,-0.018016871,0.08391389,-0.088040136,-0.021951325,0.0015794784,-0.0046156757,-0.0129300235,-0.0105365915,-0.020073151,0.0084241945,-0.010442993,0.03332348,-0.037664432,-0.056409568,0.010809727,0.019400949,-0.057633244,-0.038296193,-0.0007506162,-0.026853781,-0.050679266
0.033737514,-0.0011516602,0.0012261563,0.0066546216,-0.02236815,-0.06820497,-0.01368599,-0.016452838,-0.050020453,-0.029673558,-0.04217683,-0.008280268,-0.0023293304,-0.020823898,-0.014137404,-0.051554836,-0.024089767,0.0054634437,-0.030920759,0.006379154,-0.0866103,-0.04677074,-0.03357493,-0.021733593,0.06770679,-0.045319814,-0.041981295,-0.022887114,-0.038563028,-0.06916334,-0.038258508,0.085547015,-0.024575943,0.038054273,0.22539221,1.0000001,0.079733275,0.022171777,0.03264174,-0.022385936,0.053837422,0.2215518,0.2018518,0.039039984,-0.050845377,-0.04247168,-0.036214296,-0.040217992,0.046885967,0.0061331945,0.091234006,0.009395845,0.11585724,0.001984608,-0.03427542,-0.029320784,0.02025158,-0.060735255,-0.0065788995,-0.06013497,-0.041447785,-0.040195927,0.008959058,-0.033320606,-0.053791508,-0.05175502,-0.018124532,-0.030574642,-0.014238259,-0.004333676,-0.044871684,-0.011181275,-0.0050146542,0.025926638,0.009696306,0.016600529,0.011552837,-0.025539365,-0.022152498,0.016848631,-0.027781954,-0.034530167,0.004267701,-0.025372485,0.07271123,-0.046676397,0.0034947023,-0.037824795,-0.03833441,-0.025769904,-0.018932117,-0.080277786,-0.0042964364,0.008108719,-0.004941697,-0.04722104,-0.042016093,-0.030014006,-0.016039751,-0.025743043,0.01911531,-0.0064455764,-0.057884246,0.024369694,-0.025379697,0.0014649061,0.032160792,0.06546583,0.045979723,-0.00467453,0.0036143619,0.045111336,-0.03261088,-0.020700641,-0.014772808,-0.065192625,-0.029406434,0.07686603,0.031685717,0.020575646
0.08177346,0.015136786,0.06925264,0.019105561,0.04850102,0.026189461,0.06665671,0.02478282,-0.0677315,0.02696953,-0.015480277,-0.03392823,-0.03807384,-0.0077731796,-0.05570832,-0.02700647,-0.02666628,-0.041073874,-0.054183763,-0.039077066,-0.00641187,-0.023055866,0.0077639585,-0.016506718,-0.025789162,-0.031528924,-0.03933114,-0.031958893,-0.018471956,-0.0036710147,-0.006137724,0.053603362,-0.070145756,0.013786502,0.10918281,0.079733275,0.99999994,0.02516834,0.0040689595,0.011472674,0.042398535,0.05655095,0.19518796,0.061856523,0.042019427,0.06099377,-0.0055736294,0.007983256,0.0048078354,0.022346895,0.19875339,0.026137277,0.040367115,0.08520189,-0.02592485,-0.010519762,-0.05420757,-0.037014637,-0.032378092,-0.013536201,-0.00015214714,0.010913469,-0.0037667288,0.018980965,0.0043718317,-0.013599024,-0.05359854,-0.012333477,-0.018662352,0.013599661,-0.033237554,-0.020467874,0.017048463,-0.021851284,-0.07811366,-0.00039414968,-0.06961336,-0.018248955,-0.0042771916,0.034988746,-0.003080693,-0.027656917,-0.055572197,-0.02976628,-0.03438377,0.0021631084,0.03676725,-0.030295629,-0.015370034,-0.035367683,-0.034115195,-0.00649686,-0.019118749,-0.07033231,-0.0024617868,-0.061473332,0.0026823124,-0.0038732658,0.017383887,-0.042071216,0.055374227,-0.0063132956,0.0153180715,-0.039527617,-0.05551939,-0.035912976,0.003984119,0.036902662,-0.019285392,-0.03612299,0.004069268,-0.043832097,-0.026208023,0.060186066,0.028658124,0.0072626253,-0.012893416,-0.02471048,-0.012653416,0.010205321
-0.04445329,0.03893832,-0.008020406,-0.034538995,0.009213703,0.023140933,0.001249284,0.061972667,-0.047076263,-0.045480058,-0.03877944,0.013024364,-0.05435067,-0.022173995,-0.045686867,0.055438492,0.050849147,-0.058761235,0.045669682,0.009529682,0.0030335933,0.0064790025,-0.001488857,0.003023841,0.08663053,-0.004167255,0.01739103,-0.060645517,-0.016716156,0.014430135,0.10153729,-0.004799714,0.058056362,0.097813435,0.043583427,0.022171777,0.02516834,1.0,0.24786577,0.1658886,0.111348115,-0.015637387,-0.011902833,0.030691128,-0.024547536,0.061752323,-0.011409078,0.044877745,0.029277904,0.023041926,-0.0042014015,0.036749523,0.0924687,-0.05955968,-0.042940762,-0.04305414,-0.044278115,-0.017053984,-0.036944527,-0.008169401,-0.040664755,-0.04625403,-0.075518966,-0.041863054,0.011531508,-0.02462471,-0.00026101526,-0.048185296,-0.021268226,-0.055194937,-0.04475623,-0.025596226,0.0025403402,0.016770426,-0.03867299,-0.022230221,-0.005369305,-0.004108373,0.035266567,0.068212025,0.02737425,0.028501108,-0.012711022,-0.03647871,0.00386394,-0.031101815,-0.023989543,-0.024991602,-0.0080201235,-0.038202308,-0.01655327,-0.057322115,-0.070310354,-0.009039154,-0.038872615,-0.0066352943,0.011059053,-0.009383029,0.0037478234,0.003969415,-0.009059992,0.03041526,-0.071314916,-0.08584096,-0.02631502,-0.011276594,-0.006113844,-0.026454616,-0.011965957,0.02312951,-0.021195915,-0.06063083,-0.0009265533,0.016898505,0.010468333,-0.015790919,-0.008053893,0.012663662,0.0021128654,-0.027909925
-0.014756534,-0.09291372,-0.012121824,-0.0514505,-0.018591516,-0.02007079,-0.037561826,-0.046512887,-0.029722068,-0.026990602,-0.033340164,0.0060345493,-0.04216503,0.029911209,-0.052332196,-0.034916595,-0.002862339,-0.054739274,-0.011237981,0.017159715,-0.05834545,-0.029396076,-0.03758734,-0.05222811,0.11840143,-0.014584415,0.0033640456,-0.05439633,-0.04308319,-0.022164512,0.1230749,0.04699622,0.07011061,0.14366797,0.07470729,0.03264174,0.0040689595,0.24786577,0.9999999,0.08520145,0.20223927,0.026399933,0.012084241,0.050770316,-0.052680414,0.07570261,0.05679586,0.05353134,0.02229092,0.03189978,0.03377622,0.11943884,0.05940883,-0.02200203,-0.04747981,0.001179982,-0.015601173,-0.033949144,0.011102172,-0.008218559,-0.04763126,-0.03496897,-0.060577367,-0.03410733,-0.026526818,-0.070481695,-0.050445255,-0.0036202562,0.014630409,-0.047501024,-0.01275894,-0.0056722844,-0.0077531002,-0.021444995,-0.019162545,0.037366997,-0.0061468957,0.02659471,0.051385146,0.0042927847,-0.015273542,-0.037045646,0.039548058,-0.028268345,-0.0038545935,-0.036181375,-0.002095201,-0.036064863,0.030507134,-0.015611274,0.010724104,-0.050370533,-0.06260266,-0.030825581,-0.03185545,-0.057811417,-0.03240956,-0.04791824,-0.027038142,0.010319972,0.019030169,-0.022598196,-0.050850496,-0.05072653,-0.025893081,-0.04330066,-0.027660504,-0.028128585,0.013083307,-0.0062112184,-0.0021534238,-0.058001794,-0.0082131885,0.064485125,0.056800555,0.010448454,-0.054726988,0.0090863155,0.0029195724,-0.029551875
-0.019351128,0.020673195,0.078301124,-0.0135218045,-0.016108982,0.0017854585,-0.01118961,-0.046202615,-0.018159645,0.019926075,-0.033288628,-0.006451976,-0.036256876,-0.052883815,-0.059601717,0.0009680982,-0.026994145,-0.03488423,0.0149516575,0.003059973,-0.04547693,-0.037319053,-0.0379615,-0.07099829,0.06659346,-0.009415088,-0.0313597,0.017487774,-0.020156499,0.0078012976,0.06930085,-0.017597217,0.035204336,0.022885164,0.019546159,-0.022385936,0.011472674,0.1658886,0.08520145,0.99999976,-0.004642055,0.006255186,-0.006638592,0.14544116,0.02004866,0.08546435,0.035804845,0.08056887,0.08354916,0.019118356,-0.038120333,0.107080385,0.11548271,0.018670244,-0.053374935,-0.038166333,-0.05571197,-0.036675267,-0.009246871,-0.021601116,-0.041197456,0.002007545,-0.030684512,-0.008704182,-0.0011934214,0.11588018,-0.03352227,-0.008373853,-0.008312022,-0.03132531,-0.018803146,0.028944694,-0.0736714,-0.0102038,-0.05385019,0.0038444463,-0.077134944,0.05585271,0.13192305,-0.024976373,-0.034585234,-0.03883335,0.03571144,-0.043150898,0.01392091,-0.040663872,-0.030405264,-0.0066644885,-0.024441743,-0.020164233,0.0010039597,0.03773357,-0.03377545,0.01414162,-0.033015735,-0.0253943,0.009952353,-0.039701797,-0.027978066,0.010337869,0.020516029,-0.028979985,-0.040451385,-0.036576573,-0.0032839566,0.064261824,0.0052139596,-0.03697932,-0.042257547,-0.030411132,-0.059301637,-0.0075874347,-0.024455242,-0.0104336655,-0.015914794,-0.015550373,-0.0102799935,-0.046329334,-0.011711263,-0.01676877
-0.0356887,-0.042554952,-0.040549576,-0.028719584,-0.026776023,-0.02326574,0.017458938,-0.06512651,0.0009580855,0.010696977,-0.034451466,-0.00032171886,0.023710158,-0.035380747,-0.0022332193,-0.045445967,-0.0025396154,-0.0070556095,-0.028897645,0.019464113,-0.056586828,-0.034769587,-0.032240663,0.0010781242,0.08181612,-0.007702849,0.036598682,-0.036909904,-0.013194306,-0.024834355,0.034418937,0.03252891,0.040394995,0.17851892,0.03099073,0.053837422,0.042398535,0.111348115,0.20223927,-0.004642055,1.0,-0.027873965,0.064838745,-0.031756457,-0.022951396,0.03785291,0.009922163,0.029080931,0.011141374,-0.032096013,-0.01353261,0.07640728,-0.016160442,-0.017133964,-0.021987487,-0.007673829,0.012466604,-0.02833302,0.047974963,-0.03269652,0.007008765,-0.06177012,0.008400391,0.013134994,-0.00955894,-0.032797735,-0.04807075,-0.033910085,0.008539517,-0.015010689,0.01959347,-0.051599715,-0.02779566,-0.0009555832,0.01779079,0.043515433,0.0020356106,0.033280488,0.0071375202,0.03756951,0.044418637,-0.04672333,-0.0021646349,0.03423789,0.052119948,-0.023923201,0.034859356,-0.023661446,-0.013821386,0.00017587282,-0.0035841195,-0.032522067,-0.023143312,-0.014549002,-0.06608969,-0.064994715,-0.039699335,0.001041466,-0.018089123,-0.03769041,-0.043652367,-0.062282316,-0.04371857,0.002210077,-0.035694785,-0.055887897,-0.027649352,-0.0053740754,0.02453404,0.016817361,0.010423926,-0.01855699,-0.028491028,0.05420951,0.051901996,0.015183081,-0.04176255,-0.001998908,0.0025740275,-0.020542229
0.008603536,0.0035635685,0.024077248,0.017574288,-0.011313372,-0.055696093,-0.0031154272,-0.031501055,-0.04383765,-0.0064450316,-0.057269692,-0.06591275,-0.014645295,-0.018418038,-0.08417082,-0.07401916,-0.056935355,-0.07076665,-0.06902795,0.06405227,-0.033521928,-0.00010596821,-0.07322684,0.046074208,0.03979617,-0.051557116,-0.0014040128,-0.052364435,-0.045785055,-0.039914574,-0.04001704,0.09688657,-0.007835871,0.046597037,0.11614985,0.2215518,0.05655095,-0.015637387,0.026399933,0.006255186,-0.027873965,1.0000001,0.14058861,0.066779196,-0.032074407,0.02948957,-0.00074479124,0.048107862,0.10520886,0.05321248,0.06904251,0.06909017,0.13797723,0.033858944,-0.04076433,-0.050776567,-0.035543356,-0.06479272,-0.016225804,-0.06702044,-0.060473215,-0.03790745,-0.034131072,-0.050184764,-0.051129397,-0.020475738,-0.015670331,-0.032955386,-0.020640092,-0.042171624,-0.051236644,-0.032316353,0.04348911,0.016798895,0.019098746,0.11114405,-0.012240424,-0.0010697923,0.006419669,-0.019888585,-0.03963415,-0.015060574,0.050608143,-0.035037376,0.033218175,-0.050262213,-0.015516476,0.03181655,-0.02142274,-0.058418684,-0.027421884,-0.016233737,0.011048699,-0.02210041,0.0008689176,-0.028265785,-0.047270663,-0.028509527,-0.027856315,-0.021624979,0.13381834,-0.03997956,0.033443596,0.019307502,-0.010750706,0.010873377,0.022588164,0.04368694,0.03591507,0.07068995,-0.010071235,-0.015594193,-0.0063870274,0.002885609,-0.0013796967,-0.042838614,0.0032346593,0.014259528,0.008761735,0.022409162
0.0022712015,-0.018024677,0.004272881,0.00346873,-0.01853459,0.009373263,0.0012435801,0.0013322304,0.010077508,-0.039716497,-0.0042122984,-0.021971876,0.040654738,-0.055802073,-0.012442453,-0.035981394,-0.007743288,0.0076986915,-0.07998665,-0.009159441,-0.07982422,-0.07367311,0.0048404774,-0.032610264,0.04798584,-0.09811709,-0.0033944165,-0.06652865,-0.050501063,-0.032952767,-0.06673841,-0.0116101615,-0.012629746,0.068957366,0.14641622,0.2018518,0.19518796,-0.011902833,0.012084241,-0.006638592,0.064838745,0.14058861,1.0000001,0.02882623,0.0146418065,0.012549351,-0.024777088,0.01073784,0.056183808,0.008701714,0.2091955,-0.018340051,0.053174194,-0.005800102,-0.08245162,-0.00464819,-0.02586957,-0.032826304,-0.032614738,0.0009494033,0.0151753845,-0.031738795,-0.010259176,-0.010314761,-0.015623233,-0.059132077,-0.043859918,-0.014736139,0.01227403,0.030811971,-0.0036427735,-0.07315768,-0.00040270854,-0.02026327,-0.018939516,0.07909334,0.009777522,-0.006000528,-0.0030781906,0.021472925,-0.0061518867,-0.05487715,-0.009802075,0.027771855,0.0072143534,-0.017411357,0.02001717,0.0043746475,-0.068004414,-0.03681663,-0.01293209,-0.056051437,-0.049653903,-0.018205747,-0.0005790689,-0.058321755,-0.07886814,0.0008892054,-0.052390832,0.008662058,0.02419179,0.020774134,0.010885434,-0.031454593,-0.039255116,-0.064325035,-0.014876435,-0.010003976,0.005657444,-0.0022201007,-0.015379715,0.033052966,0.0020783218,-0.020215716,0.0139470445,-0.054903395,0.008382202,0.017103778,0.02023842,0.03359939
-0.022197582,-0.0030415042,0.08007969,0.007473618,0.036122788,-0.023298295,-0.00449119,-0.051338926,-0.022051992,-0.005257857,-0.02970129,-0.028817302,-0.019104637,-0.020343255,-0.030292105,0.0030757776,-0.027190078,-0.027676806,-0.00024422607,0.010388942,-0.06897393,-0.045007594,-0.061652917,-0.035277735,0.097862035,-0.015181464,0.01767862,-0.022083556,-0.029199755,-0.0118869245,0.06479419,0.05975482,0.019512236,0.010185019,0.08184299,0.039039984,0.061856523,0.030691128,0.050770316,0.14544116,-0.031756457,0.066779196,0.02882623,0.9999999,-0.023757067,0.06293008,-0.01619756,0.04729448,0.00575255,0.07155718,0.030266967,0.07951126,0.084835604,0.08485461,-0.046058495,-0.04207611,-0.0012845267,-0.038069084,-0.024989892,-0.044661816,-0.051608287,-0.014336764,-0.017518666,-0.017459296,-0.039454885,0.076681115,-0.03581066,-0.016840372,-0.003408717,-0.0072680963,-0.034102608,-0.021018606,-0.027402747,-0.058803186,-0.047483224,0.04069433,-0.073893756,0.009865254,0.07020363,-0.027878068,-0.027980914,-0.010366869,-0.0019844603,-0.014790152,-0.05315429,-0.069560505,-0.04744381,-0.04307528,-0.050321266,-0.041807868,0.0077881627,-0.010849031,0.025229432,-0.0057063214,-0.03910458,-0.05864614,-0.011019463,-0.034292243,-0.059247386,-0.03928484,0.0083030965,-0.063449584,-0.025701642,-0.001862571,-0.014533643,0.04361236,-0.0034123128,-0.0025655916,-0.019059395,-0.0060851187,-0.054916732,-0.002134549,-0.015659008,0.092933476,0.038856737,0.022631194,-0.015369316,-0.04413028,-0.0019777264,-0.021550126
0.097941324,0.051277913,-0.0116773425,-0.006461376,0.014456509,0.016697584,0.0054689525,0.08319729,-0.017702824,0.01924104,0.021228157,0.017108819,-0.055874452,-0.023128528,-0.04735282,-0.0026612338,-0.021876786,-0.020710092,0.00567509,-0.06938399,0.077697806,0.05635383,0.04599323,-0.0025171125,-0.067351036,-0.007016583,0.009967576,0.02274965,0.101205684,0.102703676,-0.00880688,-0.019012386,-0.010153111,-0.059128463,-0.041076556,-0.050845377,0.042019427,-0.024547536,-0.052680414,0.02004866,-0.022951396,-0.032074407,0.0146418065,-0.023757067,1.0,-0.00016013923,-0.021515884,4.9548806e-05,0.00012698525,-0.026866702,-0.025278348,-0.047068056,-0.0190406,-0.0054153376,-0.06302604,-0.029748112,-0.0844038,-0.014771242,-0.019289559,0.026421737,0.0038371868,-0.05917088,-0.055051636,-0.023862042,0.014413073,-0.03199622,-0.00071515376,0.0030349148,-0.0071093594,-0.060971472,0.0064546345,-0.036622237,0.0012855319,0.016630936,0.006034951,-0.035276074,0.016325159,-0.012044947,-0.018149592,-0.02033526,-0.021882087,0.045825955,-0.04678814,-0.005066432,-0.009395202,-0.0009268237,0.045536075,-0.0016382895,-0.032206554,-0.00280072,0.006058271,0.12619099,0.024086623,-0.026930578,0.20296043,-0.0070720445,-0.009779626,-0.0043625506,-0.055557296,0.010858525,-0.011151894,0.057095915,0.0923048,-0.021902308,-0.026335847,-0.060478836,-0.035185393,-0.0361186,-0.005289939,-0.026173353,0.015864715,-0.028717186,0.055729166,-0.027773958,-0.011558266,-0.04806911,0.046471637,0.00034177606,-0.014209139,0.026090581
0.005280366,-0.010716841,0.0011577783,0.024196194,0.03431237,-0.039133243,-0.017075136,0.05754593,-0.050721493,0.035797246,-0.014764564,-0.03582531,-0.040611673,-0.0154784005,-0.019829893,-0.038474206,-0.055210374,-0.041967057,-0.05453472,-0.009732126,-0.006710338,-0.040207632,-0.032142866,0.02543594,0.010021384,-0.0301411,0.0065765535,-0.015863918,-0.0217967,-0.00024132244,0.041079283,-0.0042685056,0.036936052,0.021571944,0.0022781193,-0.04247168,0.06099377,0.061752323,0.07570261,0.08546435,0.03785291,0.02948957,0.012549351,0.06293008,-0.00016013923,1.0000001,0.10362979,0.25873584,0.127231,0.02193866,0.029784238,0.061344627,0.033840954,0.013691678,-0.043448403,0.022416502,-0.056295447,-0.031520817,-0.050996207,-0.025151342,-0.042010613,-0.028182108,-0.07377626,0.015149925,-0.06720927,-0.04271,-0.037794508,-0.02376686,-0.009012548,0.021516118,0.0057370234,-0.057738975,-0.019287705,-0.027326355,0.0018641528,0.03307187,-0.033673786,-0.0142775895,0.0125405565,-0.0200427,-0.042607784,-0.04229242,0.019409329,0.0056674154,-0.025205359,5.5484008e-05,0.0061046863,-0.0057206117,-0.011563172,-0.0302029,-0.026396502,-0.039270025,-0.019543316,-0.005147932,-0.030688357,-0.01015052,-0.07868306,0.008436803,-0.009249794,0.007864436,0.09311482,-0.002074303,-0.0059955227,-0.034367584,-0.026160326,-0.022161372,-0.029827952,-0.021231849,-0.022804238,0.029587874,-0.008172,-0.062823005,-0.0025669555,0.031526573,0.03118279,-0.032449726,-0.014596935,-0.05653372,-0.029591022,-0.015772486
-0.06949503,-0.040609017,-0.030285884,-0.024181671,-0.0074142343,-0.047311805,-0.059110843,-0.07977509,-0.047687605,0.022266807,-0.026653308,-0.06833427,-0.044517472,-0.004993333,0.03584376,-0.048772175,-0.019538501,-0.017269209,0.0049778456,0.056538377,-0.029900033,-0.023459882,-0.04001675,0.010342742,0.00977134,0.02528915,0.08101726,-0.03464517,0.078100085,-0.02928777,-0.008661382,-0.013178895,0.09702251,0.016676994,-0.034891523,-0.036214296,-0.0055736294,-0.011409078,0.05679586,0.035804845,0.009922163,-0.00074479124,-0.024777088,-0.01619756,-0.021515884,0.10362979,0.9999999,0.15500394,0.13727793,0.041482843,0.0037512006,0.0072476696,0.0039778375,0.011055202,0.09647701,0.077420466,-0.027463833,0.051696416,-0.01624879,-0.019980777,-0.05329533,-0.023373533,-0.0045131985,0.029701674,-0.023343502,-0.02420415,0.013220635,-0.029697899,0.01683627,0.013176207,0.049654156,-0.017345697,0.025375843,0.043810993,-0.009391297,0.12760767,-0.027937364,0.011048751,0.012195667,-0.04568222,-0.06884164,-0.041332647,0.16259053,0.021037154,-0.012764314,0.0154976575,-0.052568644,-0.012384462,0.002399118,-0.0045585837,-0.020700503,-0.011596663,0.009168975,0.019753397,-0.037496585,0.06918507,-0.063369125,-0.015501808,-0.022906765,-0.017164592,0.10827651,-0.059130132,0.03149845,-0.007931613,0.09691662,-0.023099883,-0.03938716,-0.053729516,-0.027048498,-0.039506126,-0.022558382,-0.051480815,-0.043271594,-0.03129714,-0.0033876456,0.028083064,-0.003437954,-0.0562496,-0.07928869,-0.02901438
-0.051744547,-0.03052312,-0.025231212,0.0058759935,0.019470016,-0.021439051,-0.057662,0.00649447,-0.026268702,0.016951187,-0.03250482,-0.0729108,-0.048362657,-0.017125458,-0.0096413,-0.023919985,-0.10301384,-0.034970783,-0.03185184,0.10830388,-0.04713504,-0.04204052,-0.017832002,0.069702804,0.025368745,-0.0021602116,0.11766694,-0.033558,0.01658578,0.014672075,0.006008979,0.06602813,0.11584274,0.0619451,0.033718213,-0.040217992,0.007983256,0.044877745,0.05353134,0.08056887,0.029080931,0.048107862,0.01073784,0.04729448,4.9548806e-05,0.25873584,0.15500394,1.0,0.10426817,0.06275096,0.034201168,0.07837195,0.05831829,-0.012896601,-0.027282646,-0.022253651,-0.054991007,-0.05655279,-0.04949788,-0.008495821,-0.075131334,-0.03880219,-0.031048492,0.008960404,-0.036455452,-0.021667704,-0.033029843,-0.04269407,-0.0180344,-0.032585334,-0.010837488,-0.01925708,0.0015481376,-0.019408526,0.009093305,0.07314548,-0.05699405,-0.025588376,0.05404239,-0.057668343,-0.026116654,-0.03561197,0.09425246,-0.009517634,-0.040385365,0.009393368,-0.01505758,-0.043975253,-0.012241851,-0.02456099,-0.009302774,-0.0017663641,-0.024448613,-0.008311335,-0.0115575725,0.022247,-0.09407634,-0.016658222,0.016194915,-0.029311577,0.07636785,-0.018201763,-0.0035450195,-0.04231438,-0.028045002,-0.050675504,-0.041392956,-0.04599962,-0.0070968177,0.027151017,-0.0014801435,-0.057451546,-0.037156902,-0.029126262,-0.018391263,-0.013236576,-0.0063639265,-0.0451132,-0.011448152,0.014551114
-0.024604682,-0.03943364,0.0056434805,-0.022693789,-0.023720587,-0.022844594,-0.0060136355,-0.010880472,-0.04320112,-0.0068951547,-0.0005597953,-0.06965459,-0.05879688,-0.028830506,-0.016276786,-0.03073788,-0.051753726,-0.057467133,-0.042900085,-0.004046826,-0.020319974,-0.07208851,0.057867125,0.02241815,-0.029243808,-0.07070091,0.0056214724,-0.03510336,0.016503893,-0.04914567,-0.018255305,-0.03688511,0.074755035,0.0448794,-0.014586944,0.046885967,0.0048078354,0.029277904,0.02229092,0.08354916,0.011141374,0.10520886,0.056183808,0.00575255,0.00012698525,0.127231,0.13727793,0.10426817,1.0,0.03818085,0.023954963,-0.002311667,0.11056126,-0.02671424,0.050587405,0.033983838,-0.046096828,-0.039347652,-0.054430414,-0.051415898,-0.036317576,-0.045414582,-0.019274553,0.04578873,-0.016222173,-0.020710997,-0.04159121,-0.020487463,-0.017101938,-0.027027061,-0.0046141325,-0.027284192,0.07139866,0.09118125,0.025795786,0.06230899,0.003035687,0.050865263,0.00012457557,0.00015496905,-0.035775106,-0.018506886,0.072221115,-0.018928766,0.030388193,-0.02068477,-0.013639933,-0.04400008,-0.010701521,-0.013424788,-0.009219261,-0.037196267,-0.060419947,-0.022559315,0.013556386,-0.025171937,-0.03864058,-0.023087174,-0.05050311,-0.014212021,0.06948215,0.0025322177,-0.040863145,-0.04540638,0.027750894,-0.04906264,-0.03472781,-0.047664642,-0.0050693313,-0.0032802685,-0.034635864,-0.03947439,0.024356052,-0.009774412,-0.03758689,-0.006082968,0.073538095,-0.01055884,0.033222854,0.035315953
-0.03927832,0.05735317,0.050175563,0.033676002,0.11277578,0.021358756,0.011611313,0.006932547,0.0031354204,0.075014174,-0.04294859,-0.030608328,-0.055320613,0.0011851727,-0.04874168,-0.0195323,-0.040160358,-0.018781684,-0.030690158,-0.015477046,-0.05063211,-0.01913391,-0.06381073,-0.009167551,0.07287602,-0.04531198,-0.0398158,-0.04220754,-0.03814716,-0.0541621,-0.021566242,0.038426016,0.045788944,-0.040516917,-0.001068268,0.0061331945,0.022346895,0.023041926,0.03189978,0.019118356,-0.032096013,0.05321248,0.008701714,0.07155718,-0.026866702,0.02193866,0.041482843,0.06275096,0.03818085,0.9999999,0.08435943,0.08950421,0.017155157,0.17673498,-0.032438602,-0.019264732,-0.050168145,-0.03042424,-0.059805103,-0.03108989,-0.084188215,-0.01126011,-0.039342698,-0.004071273,-0.064673,0.032854237,0.0252241,-0.04573528,0.04253003,0.005226708,0.0031087953,-0.0089709135,-0.008015865,-0.05383408,-0.039609775,0.15172052,-0.033823505,0.05256122,0.1383989,0.0015108865,0.0082505,0.033212125,0.04060228,-0.024125779,-0.051857695,-0.020368101,-0.008374549,-0.061650924,-0.015683416,-0.024871122,-0.0012326314,-0.015784627,-0.0045508025,0.025145803,-0.029108448,-0.034959063,0.00874887,-0.039344065,0.006688007,-0.006988644,0.042846937,-0.023541596,-0.02865472,-0.018585162,0.04565776,0.0019771457,-0.019835137,-0.00011772127,-0.0649347,-0.0061875246,-0.06168423,-0.015736142,-0.02500021,0.024361873,0.02830813,-0.046608627,-0.064421155,-0.053250242,-0.046659857,-0.02701841
0.023168936,-0.0260916,0.032643665,0.0030642864,-0.00068204897,0.030739415,-0.0034170914,0.0124094095,-0.011482045,-0.0062395614,-0.018551964,-0.0483589,0.004197572,-0.03234881,-0.011277871,-0.055045992,-0.043098133,-0.011230333,-0.022133583,-0.03883609,-0.029970568,-0.035266537,-0.020894397,-0.060651094,-0.008301462,-0.011438793,-0.015517311,0.0031376225,-0.010503701,-0.005634843,-0.048823174,0.019815762,-0.027220068,0.045084033,0.08983368,0.091234006,0.19875339,-0.0042014015,0.03377622,-0.038120333,-0.01353261,0.06904251,0.2091955,0.030266967,-0.025278348,0.029784238,0.0037512006,0.034201168,0.023954963,0.08435943,1.0,0.020497425,0.049255494,0.034427438,-0.039702926,-0.017217487,-0.015388833,-0.02636505,-0.06180682,-0.0061520105,0.017754363,-0.009904627,0.04307209,0.019837014,-0.014098015,-0.01752372,-0.018315323,0.02577541,0.017828375,0.0048993123,-0.046943635,-0.06531801,0.028678708,-0.065925345,-0.026801657,0.054579336,-0.0018996345,-0.03955057,-0.021922475,0.03370633,-0.014715854,-0.01751098,-0.017694304,0.024855893,-0.06614646,-0.02068799,0.042071536,-0.0066657895,-0.018284343,-0.018702284,-0.04215143,-0.03009471,-0.018165942,-0.033804838,-0.023274757,0.008160328,-0.02646787,-0.06391597,-0.04131573,-0.010722738,0.023463532,0.0041306904,-0.020995708,-0.019813154,-0.026193649,-0.056425616,-0.022975426,-0.027769648,-0.03599355,-0.024052314,-0.0066171503,0.030498914,0.014421668,0.0055353586,-0.007184823,-0.0503565,-0.020843454,-0.022869859,-0.008508814,-0.03512212
-0.0449102,-0.046163566,0.01575911,-0.011785546,0.048815574,-0.041574445,-0.038408644,-0.016475556,-0.014427042,0.035582706,-0.021896895,-0.034398455,-0.031554665,-0.016877824,-0.06917425,-0.027688526,-0.05359623,-0.01744913,-0.031056356,0.06273076,-0.047158152,-0.026684415,-0.063682854,-0.034535732,0.08478575,-0.01202671,-0.023859674,-0.043305207,-0.040923994,-0.02760128,0.052710846,0.02022179,0.021977432,0.09773184,0.057613216,0.009395845,0.026137277,0.036749523,0.11943884,0.107080385,0.07640728,0.06909017,-0.018340051,0.07951126,-0.047068056,0.061344627,0.0072476696,0.07837195,-0.002311667,0.08950421,0.020497425,1.0,0.069569096,0.1041685,-0.09512661,-0.02309024,0.013318185,-0.02122309,0.01725436,-0.060608853,-0.058708176,0.0040080054,-0.030688155,-0.041491278,-0.01694921,0.019850451,-0.045322455,-0.01303203,0.034266062,-0.029619602,0.0073550823,0.013384746,-0.04202958,-0.028696127,-0.043844268,0.12655188,0.004479095,0.07471264,0.106364846,-0.044677436,-0.026285041,-0.040762607,0.052650586,-0.007159182,-0.016607463,-0.035153426,-0.04616697,-0.05007224,-0.038052008,-0.023668181,0.0033556058,-0.028562127,-0.0010828776,-0.024207098,-0.010496976,-0.040453203,0.0011261897,-0.02579849,-0.022714239,-0.001999063,0.023421004,-0.04899325,0.0032386314,-0.01606501,-0.046816934,0.011925532,-0.039157607,-0.036856476,-0.005602271,-0.036337957,-0.003118745,-0.002834258,-0.036816545,0.037820637,0.030239742,-0.026231645,-0.053816993,-0.014484519,-0.032383196,-0.007928014
0.039383523,0.016510658,0.1337879,-0.036054388,0.012283114,-0.0069557447,-0.023531837,0.00634627,-0.041580092,-0.019104127,-0.022378406,0.013840859,-0.03679568,-0.05564241,-0.052906774,-0.035584718,-0.027004657,-0.03766851,-0.015634159,-0.010747669,-0.042613618,-0.013152554,0.029011868,-0.0365055,0.013401149,-0.04211605,-0.037605483,-0.038168676,-0.038276866,-0.033289433,0.06113944,-0.031461153,-0.009351721,0.016823592,0.07343547,0.11585724,0.040367115,0.0924687,0.05940883,0.11548271,-0.016160442,0.13797723,0.053174194,0.084835604,-0.0190406,0.033840954,0.0039778375,0.05831829,0.11056126,0.017155157,0.049255494,0.069569096,1.0,0.04590996,-0.043985754,-0.046382494,-0.006734146,-0.043750543,-0.07414271,-0.081925094,-0.06811322,-0.009689879,-0.05486644,-0.06891938,0.012950064,0.04122762,-0.01356167,-0.0028341599,0.007461478,-0.029144354,-0.07503237,0.06606758,-0.03444358,-0.0056922627,-0.024256969,0.025885986,-0.047308993,0.027102564,0.08171585,-0.025403494,0.0022966613,0.0049121925,0.016208945,-0.05773472,-0.0048935683,-0.074949995,-0.013683697,-0.018874602,-0.012657665,-0.033972785,-0.01848002,-0.010817928,-0.04371329,-0.06687669,0.0024067638,-0.0386296,-0.043337066,-0.04382166,0.010708456,0.026580878,0.02616869,-0.022458741,-0.025424467,-0.04948904,-0.038788475,0.043285377,0.1152465,0.03703372,-0.03468352,0.03346911,-0.020542523,0.0104388995,-0.009738957,0.005855735,0.007286072,-0.045289148,-0.032700963,-0.039716482,-0.0050276616,-0.008117765
-0.017493838,0.038267054,0.21147317,0.08355263,0.2789208,0.036550455,0.00934038,-0.05869672,-0.063187785,0.035617284,-0.008796259,-0.021915952,-0.009652179,-0.034860726,-0.05369385,-0.047518168,-0.020689873,-0.040108696,-0.06051102,-0.028441207,-0.025255362,-0.06204904,-0.067662776,0.008929973,-0.01698532,-0.031084366,0.0022375337,-0.026908446,0.026625449,-0.032654487,-0.0645202,-0.009462823,-0.030109195,-0.016128406,0.051290568,0.001984608,0.08520189,-0.05955968,-0.02200203,0.018670244,-0.017133964,0.033858944,-0.005800102,0.08485461,-0.0054153376,0.013691678,0.011055202,-0.012896601,-0.02671424,0.17673498,0.034427438,0.1041685,0.04590996,1.0,-0.04869882,-0.0038978308,-0.04780238,-0.031723294,-0.049123034,-0.010974728,-0.05363598,0.007582184,-0.0063328897,-0.00465298,-0.030493326,0.025200669,-0.0023529343,-0.01593143,0.019378297,0.032727912,-0.012168439,-0.01932459,0.0064197616,-0.04023412,-0.052726693,0.039769433,-0.07943799,-0.012628945,0.04808046,-0.016119989,-0.006724016,-0.022144714,0.028306786,-0.032609425,-0.03257983,-0.032645732,-0.021060059,-0.049012773,-0.039512236,-0.051433455,-0.07686777,0.012433116,0.013062873,-0.021233391,0.04871302,-0.042845722,0.024352524,-0.013577982,0.004947366,-0.041407764,0.06451224,-0.07171932,0.010935507,0.0028215456,0.013452121,-0.0071172765,0.012015366,0.027555466,-0.019091984,0.017431138,-4.2540953e-05,-0.040313907,-0.056545302,0.07130346,0.04288995,-0.01578886,-0.023052234,-0.04964201,-0.01044498,0.0069425483
-0.05072484,-0.005764912,-0.032234773,-0.007651382,-0.047607265,-0.05680248,-0.014911982,-0.072309025,-0.0077485694,0.040966585,-0.03868191,-0.048983295,-0.052132186,-0.021060573,0.05216304,-0.020848643,-0.01684719,0.021035975,0.013558969,-0.023009293,-0.04624832,-0.03491746,-0.050495774,-0.014520801,-0.0410705,0.042200312,0.040937215,0.03688573,0.027542036,-0.022795752,-0.04569243,-0.05102065,0.017185157,-0.04873129,-0.045463342,-0.03427542,-0.02592485,-0.042940762,-0.04747981,-0.053374935,-0.021987487,-0.04076433,-0.08245162,-0.046058495,-0.06302604,-0.043448403,0.09647701,-0.027282646,0.050587405,-0.032438602,-0.039702926,-0.09512661,-0.043985754,-0.04869882,0.9999999,0.15984572,0.110283926,0.15434067,0.04780682,0.076460205,-0.031932287,0.020151258,0.08547927,0.0795386,0.009513689,-0.019102551,0.047925513,0.0060258443,0.023740249,0.05132676,0.03315671,0.037370745,0.09373898,0.11699756,-0.029742049,-0.017678706,0.035972577,-0.07016893,-0.04550551,-0.03796081,0.036351793,0.055754676,0.0047746375,0.05535366,0.005529994,0.031334057,-0.061325975,0.019356338,0.066357404,0.028616816,0.01398127,-0.049084865,-0.06803965,0.07327709,-0.07078509,0.024477443,-0.021873232,-0.034634758,-0.01033709,-0.057558175,0.041715,-0.065472275,-0.006960771,0.042961895,0.15140423,0.017428389,-0.010762706,-0.014920456,-0.010531177,-0.0281419,-0.014895132,-0.036728323,-0.04231313,-0.026178118,-0.017174391,-0.005270915,0.026684122,-0.05006368,-0.015451373,0.02026379
-0.04920896,-0.01498391,-0.068127975,-0.03906871,-0.0459922,-0.018174,-0.030527234,-0.061737128,-0.009992488,0.0046192715,-0.04248494,-0.037912145,-0.012935056,0.033386845,0.052860837,-0.034894824,-0.053907044,-0.033354156,-0.031796966,0.009407109,-0.015602516,-0.05080102,-0.016457621,-0.048895907,-0.05755794,-0.035552133,-0.012345748,0.05097382,0.005787341,0.017502794,0.040831447,-0.040249933,0.11777042,-0.048917014,-0.05450982,-0.029320784,-0.010519762,-0.04305414,0.001179982,-0.038166333,-0.007673829,-0.050776567,-0.00464819,-0.04207611,-0.029748112,0.022416502,0.077420466,-0.022253651,0.033983838,-0.019264732,-0.017217487,-0.02309024,-0.046382494,-0.0038978308,0.15984572,1.0,-0.021975927,0.106864534,0.11754756,0.12339872,0.062412128,-0.009576708,-0.0076218327,0.049663417,-0.0104370825,-0.024814062,0.02077399,-0.021797802,0.0012834365,0.030499965,0.19320549,0.058655493,0.044993382,0.07456907,-0.0035901088,-0.04398511,0.0027814917,0.0067510125,-0.030360723,-0.038024925,-0.02082023,-0.026308166,0.03340096,0.06969535,-0.014729647,0.035673402,0.004953865,-0.017740145,0.021642264,-0.0018618023,0.014743293,-0.014415556,-0.0190281,-0.009182125,-0.027355015,0.035477955,-0.07650126,-0.023505889,-0.024353834,-0.022698315,0.027066752,-0.0417502,-0.010195426,-0.010401472,0.076731116,-0.059414208,-0.028993644,-0.038955133,-0.042142484,-0.063813806,-0.033880964,-0.046806406,-0.015834635,0.049503814,0.08033037,0.0875255,-0.019588681,-0.023909358,-0.01219883,0.029454324
-0.034182396,-0.012374347,0.004507686,0.029547572,-0.05682406,-0.00924441,-0.004502094,-0.04328837,0.02108662,0.0042881113,-0.014331708,0.0284857,0.019267099,-0.061092466,-0.027953686,-0.035468645,-0.007963496,0.07951328,0.04710228,-0.011799249,-0.034481123,-0.027708698,-0.03055573,-0.022782207,0.036607407,0.06267071,-0.051758382,-0.0077033085,-0.025660899,-0.013691885,-0.0759454,0.019795816,-0.06156254,0.053923897,0.022593748,0.02025158,-0.05420757,-0.044278115,-0.015601173,-0.05571197,0.012466604,-0.035543356,-0.02586957,-0.0012845267,-0.0844038,-0.056295447,-0.027463833,-0.054991007,-0.046096828,-0.050168145,-0.015388833,0.013318185,-0.006734146,-0.04780238,0.110283926,-0.021975927,1.0,0.109230146,0.034589496,-0.045258462,-0.0018494138,0.077447295,0.10949966,-0.00013078644,0.0030140514,0.040786643,-0.021556295,0.036165617,0.090125635,0.0357083,-0.054392308,0.10219838,-0.037652716,0.00096442737,-0.025875818,0.037699096,-0.022032863,-0.02089584,-0.020397553,-0.017659971,0.04305624,-0.016775526,-0.018265814,-0.034188334,-0.026955761,-0.035169676,-0.06652423,-0.03477764,0.0007141321,-0.024489019,-0.04385365,-0.023988001,-0.0014473302,0.03761284,-0.00804072,-0.044547945,0.0030700788,-0.0070512295,-0.025600959,-0.038611934,-0.06565969,-0.018719919,-0.014745513,0.07113056,-0.0053356662,0.084747136,0.016828293,0.025725156,0.06837111,0.015626222,-0.05443985,0.0060253995,-0.041843705,0.01994127,-0.0032600926,-0.025614608,-0.027778646,0.063482,-0.01244637,-0.026434507
0.0046018856,-0.05677522,-0.022423288,-0.028270371,-0.04661402,-0.033840053,-0.032292645,-0.031723965,0.08422852,-0.04007759,-0.032603983,0.04454641,0.0391531,0.0073649706,0.026869524,0.0147685055,0.010201965,0.027569918,-0.0036334582,-0.03512669,0.009617105,0.046038702,-0.01372704,-0.051687267,-0.039981313,0.014838072,-0.01912997,0.081416845,0.07584307,0.036149934,-0.008132312,-0.0074687717,-0.02518765,-0.0552491,-0.03219629,-0.060735255,-0.037014637,-0.017053984,-0.033949144,-0.036675267,-0.02833302,-0.06479272,-0.032826304,-0.038069084,-0.014771242,-0.031520817,0.051696416,-0.05655279,-0.039347652,-0.03042424,-0.02636505,-0.02122309,-0.043750543,-0.031723294,0.15434067,0.106864534,0.109230146,1.0,0.15780932,0.09777946,0.05378007,0.013627348,-0.0036446769,0.0015268167,-0.0027686905,0.039622158,-0.031441405,-0.021626227,0.0035983445,0.0093468195,-0.024065765,0.07927869,0.009893143,-0.014262211,0.010429589,-0.031302504,0.052995678,-0.010492206,-0.038558237,-0.059169594,-0.03793882,-0.016964866,-0.03789579,0.08826052,0.014787736,0.049615692,-0.07388106,-0.003514015,-0.04872371,-0.019146781,-0.0148001965,-0.014566947,0.024444083,0.028045487,0.02488126,0.080798544,0.025858115,-0.018449143,-0.011480224,-0.017762505,-0.012713266,-0.03949712,0.08361123,-0.020092111,0.04316985,0.054777376,-0.030419054,-0.016120942,-0.019005826,-0.03009132,-0.02059647,-0.0099129025,0.018950298,0.009173183,-0.0396367,-0.01169399,-0.022950213,0.014742067,-0.028906379,-0.020678107
-0.015570036,-0.07718791,-0.0354293,-0.068190195,-0.07476787,-0.055096332,-0.11213361,-0.09445226,0.119502544,-0.032122422,0.010785755,-0.006805829,0.04231534,0.011444668,0.02537571,-0.009258254,-0.0055820886,0.05561844,-0.047504667,0.045258936,0.011938622,0.011259601,-0.026640743,-0.014818593,0.020123718,-0.014089899,0.033922687,0.15579602,0.0012879227,0.07290195,0.021555768,-0.020816876,-0.010843709,0.041515794,-0.009613129,-0.0065788995,-0.032378092,-0.036944527,0.011102172,-0.009246871,0.047974963,-0.016225804,-0.032614738,-0.024989892,-0.019289559,-0.050996207,-0.01624879,-0.04949788,-0.054430414,-0.059805103,-0.06180682,0.01725436,-0.07414271,-0.049123034,0.04780682,0.11754756,0.034589496,0.15780932,1.0000001,0.094909675,0.15675732,-0.031247912,0.0558401,-0.002656625,0.000527706,0.03191687,-0.03219831,-0.057268046,-0.040931776,0.048974555,0.01893463,0.054762468,-0.04045455,-0.023180762,0.05016828,-0.062404975,0.028920494,-0.038807746,-0.041866094,-0.058783494,-0.026801165,-0.07121897,-0.013399334,0.02138235,-0.0019550584,-0.009598755,-0.054156076,-8.40649e-05,-0.02622471,0.0067213033,-0.018700935,0.0012017416,0.04332911,0.001379194,-0.022794833,0.003201182,0.01915503,0.006076688,0.039970987,-0.012561365,-0.037820503,-0.053546898,0.017603721,0.042235445,0.024291832,-0.0026833923,-0.049796686,-0.043440726,-0.0063881297,-0.02453348,0.0108658895,-0.07051131,-0.0016482389,-0.022377178,0.007583891,0.027025819,0.03120284,0.022874566,-0.0024180906,-0.029991249
-0.027869238,-0.0023519313,0.014231039,-0.06223325,-0.007719907,-0.026312841,-0.018705387,0.009046733,0.023433868,-0.032224566,0.05236878,0.04016233,-0.0028891081,0.16340174,0.054113086,0.100052975,0.006190668,0.025855003,-0.018824123,-0.018431503,0.0041588433,0.0075222813,0.009793111,-0.047007017,-0.04532768,-0.032737017,0.028377406,0.12846519,0.022146607,0.042674363,-0.016400754,-0.027036207,0.03975392,-0.044382293,-0.027703485,-0.06013497,-0.013536201,-0.008169401,-0.008218559,-0.021601116,-0.03269652,-0.06702044,0.0009494033,-0.044661816,0.026421737,-0.025151342,-0.019980777,-0.008495821,-0.051415898,-0.03108989,-0.0061520105,-0.060608853,-0.081925094,-0.010974728,0.076460205,0.12339872,-0.045258462,0.09777946,0.094909675,0.9999999,0.062939584,0.032075666,-0.0021673376,-0.0033428064,0.080328315,-0.017435908,0.066207364,0.040787198,-0.031243691,0.06319792,0.033503737,-0.02203091,0.00907239,-0.01994431,-0.037123717,-0.04244834,0.020965587,-0.03531427,-0.053785667,-0.055361263,0.0038767383,0.0006893072,0.003741046,0.010455144,0.004566041,0.059390504,-0.034319717,0.013362163,-0.027020164,-0.018104445,0.014278219,-0.0032809663,0.008722488,-0.056423623,0.010414017,0.05745508,0.01864156,-0.009475063,-0.053202473,-0.073040016,-0.02751017,-0.04197724,0.008461556,0.007727344,-0.045330945,-0.050362885,-0.015600216,-0.029071836,-0.038629454,-0.017666625,0.00053851935,-0.0429547,-0.016681869,-0.036076635,0.016880518,-0.0023037866,0.0056241313,-0.023188736,-0.013579588,-0.038826376
0.0040801684,-0.06805859,-0.03948064,-0.032873817,-0.045247477,-0.04241158,-0.041539904,-0.01718139,0.19635217,-0.01696184,0.036367662,0.024153998,0.068782516,-0.024663685,0.04227364,0.017440898,0.06316686,0.18878296,-0.033911776,-0.036313657,0.060652833,0.008754861,0.11399108,-0.032543298,-0.033417225,0.014443219,-0.011476699,0.15435505,-0.022479502,0.05015053,-0.013160798,-0.05534859,-0.009856882,0.035303015,-0.049046885,-0.041447785,-0.00015214714,-0.040664755,-0.04763126,-0.041197456,0.007008765,-0.060473215,0.0151753845,-0.051608287,0.0038371868,-0.042010613,-0.05329533,-0.075131334,-0.036317576,-0.084188215,0.017754363,-0.058708176,-0.06811322,-0.05363598,-0.031932287,0.062412128,-0.0018494138,0.05378007,0.15675732,0.062939584,0.99999994,-0.027892388,0.09720668,-0.029612962,0.061215848,0.039206225,-0.016272852,-0.00913641,-0.026171913,0.032775216,0.048298605,-0.042516544,-0.038621165,-0.006586559,0.018505055,0.0009037256,-0.0017776415,-0.029605886,-0.084032804,-0.030623809,-0.014555462,-0.028620683,-0.0074430723,-0.0090569295,-0.0277154,0.0725353,0.056954402,-0.015043528,-0.01798795,0.018337213,-0.02246162,0.056004226,0.05243806,-0.064016014,-0.013439217,0.018347157,-0.08552757,-0.04301241,-0.02973732,-0.030015822,-0.05669555,0.01572971,-0.014869232,-0.0019749468,-0.04546007,-0.05202913,-0.016155915,-0.049265623,-0.068378724,-0.03990725,0.037244182,-0.056328062,-0.027431065,-0.02039864,-0.025823288,-0.016581966,0.030635735,-0.046624873,-0.0467231,-0.030756015
-0.024230652,-0.0055647874,-0.0074894642,-0.022922691,0.039501175,0.06722422,0.012274544,-0.037466623,-0.07625414,0.013401242,0.07450575,0.017545344,-0.017285753,0.061683774,0.017353825,0.051366087,0.021533046,-0.013275541,0.053459216,-0.017706769,-0.018647466,0.0065807845,0.01808551,-0.038035266,0.01861471,0.058577597,0.012254794,0.03134417,-0.032879755,-0.034334425,-0.017748244,-0.006705734,-0.021144466,-0.0509773,-0.008148661,-0.040195927,0.010913469,-0.04625403,-0.03496897,0.002007545,-0.06177012,-0.03790745,-0.031738795,-0.014336764,-0.05917088,-0.028182108,-0.023373533,-0.03880219,-0.045414582,-0.01126011,-0.009904627,0.0040080054,-0.009689879,0.007582184,0.020151258,-0.009576708,0.077447295,0.013627348,-0.031247912,0.032075666,-0.027892388,1.0,0.07692953,0.04423171,0.13564217,0.10368587,0.08759073,0.11141817,0.109407604,0.049226716,-0.041508988,0.047800325,-0.042368613,-0.038826942,-0.052843116,-0.028113322,-0.025261808,0.017218051,0.00060800556,-0.027317818,-0.005290703,0.04164395,-0.0012626424,-0.04111191,-0.06882127,-0.033378012,-0.07835193,0.038113803,0.012144189,0.02063337,0.0008496917,-0.0083044255,-0.017704569,-0.030229926,-0.010138307,0.036619384,0.03747359,-0.020154981,-0.054036804,-0.011366781,0.011701356,-0.051126003,-0.02238557,0.0054565896,-0.02913999,0.025229907,0.033950847,-0.01228958,-0.0617155,-0.035053853,-0.022828005,-0.02935481,-0.0060250508,0.0070229713,-0.01151603,0.041338924,-0.044213884,-0.06973947,-0.025694251,-0.00836898
-0.025486648,0.03655678,-0.036932528,-0.01863944,-0.019544391,0.02946482,-0.049067445,-0.05085779,0.017056247,0.06831475,0.061375774,-0.058321804,0.038881093,-0.05236477,0.059804134,-0.017349122,-0.0051827594,0.09393585,0.0060769236,0.024887005,-0.013276873,-0.04583533,0.0056420155,-0.036561444,0.009301556,0.03465736,0.0006150445,0.01904268,-0.040850572,-0.042912606,-0.0068798326,0.009858327,-0.054826166,0.1049992,0.011140196,0.008959058,-0.0037667288,-0.075518966,-0.060577367,-0.030684512,0.008400391,-0.034131072,-0.010259176,-0.017518666,-0.055051636,-0.07377626,-0.0045131985,-0.031048492,-0.019274553,-0.039342698,0.04307209,-0.030688155,-0.05486644,-0.0063328897,0.08547927,-0.0076218327,0.10949966,-0.0036446769,0.0558401,-0.0021673376,0.09720668,0.07692953,1.0,0.08409144,0.096688114,0.019358553,0.048549116,0.14921126,0.06987844,0.09602445,0.039597765,-0.035472296,-0.0142313745,-0.00051606353,-0.04943081,0.0296844,-0.012944495,-0.0051900093,-0.034079153,-0.015762065,0.0500778,-0.044168603,-0.014833044,-0.018822078,-0.021546904,-0.0032166769,-0.01690781,-0.050272767,-0.034224167,-0.02287396,-0.06256388,-0.045834936,-0.001249671,-0.0056965384,-0.014927667,-0.050455265,-0.023340292,-0.057108812,-0.024837084,-0.04774632,-0.037707586,0.01030282,-0.053886324,0.050406516,0.024986666,-0.044050142,-0.012600212,-0.038011987,-0.0095778,-0.04377037,-0.017102897,-0.042878695,-0.041587643,-0.0033411346,-0.018278973,0.019180067,-0.010218995,-0.0046229097,-0.003204449,-0.044255897
-0.022866352,-0.005296145,-0.013882788,-0.005354732,-0.040336065,0.07252992,-0.0124482885,-0.068213165,-0.016598195,0.06567177,0.0072383545,-0.014794575,0.029967746,0.047380984,0.13806452,-0.01148139,-0.043953817,0.005858813,-0.022921855,-0.048689764,-0.06648105,-0.053903446,-0.061171606,-0.05567046,0.008710466,0.016026348,0.00063915923,-0.032373566,-0.020522458,0.005606888,-0.01133245,-0.011651053,0.003245389,-0.055190723,-0.048716296,-0.033320606,0.018980965,-0.041863054,-0.03410733,-0.008704182,0.013134994,-0.050184764,-0.010314761,-0.017459296,-0.023862042,0.015149925,0.029701674,0.008960404,0.04578873,-0.004071273,0.019837014,-0.041491278,-0.06891938,-0.00465298,0.0795386,0.049663417,-0.00013078644,0.0015268167,-0.002656625,-0.0033428064,-0.029612962,0.04423171,0.08409144,0.9999999,-0.01248231,-0.01002204,0.023448333,-0.0017922856,0.051817976,0.055777643,0.089658305,0.0020912606,-0.029426903,-0.0015067793,-0.040658362,0.0069268052,-0.007071361,-0.0043263393,0.001955513,-0.034181543,-0.026803365,-0.01105885,-0.0044985074,0.106500395,-0.015111094,0.0701499,0.05264621,0.014248902,0.10292913,0.045851547,0.057040002,-0.052947912,-0.045792297,0.071438886,-0.04092179,0.009452226,0.009345508,-0.04785821,-0.031457238,-0.08272292,0.016856436,-0.034557134,-0.02798094,-0.00749809,0.06692756,-0.010907534,-0.02698576,-0.012859899,-0.030977502,-0.043249957,-0.023102349,-0.019927545,-0.051063128,-0.02977419,0.028805492,0.034930997,-0.009259754,-0.029777933,0.03114694,-0.020428844
0.012912632,0.031774934,0.0053565805,-0.02995291,-0.0189022,0.1260949,0.007883596,0.03278451,-0.030400755,-0.03811507,0.07649636,0.045050137,-0.01829504,0.022072723,0.004447638,0.08013645,0.110173665,0.028467689,0.0058401437,-0.054676376,-0.017429253,-0.004087559,0.14834312,-0.0054479954,-0.03444025,-0.01680694,-0.043507807,0.030200938,-0.033485316,0.0007933723,-0.00019637682,-0.02649846,-0.0471535,-0.04197858,0.009456139,-0.053791508,0.0043718317,0.011531508,-0.026526818,-0.0011934214,-0.00955894,-0.051129397,-0.015623233,-0.039454885,0.014413073,-0.06720927,-0.023343502,-0.036455452,-0.016222173,-0.064673,-0.014098015,-0.01694921,0.012950064,-0.030493326,0.009513689,-0.0104370825,0.0030140514,-0.0027686905,0.000527706,0.080328315,0.061215848,0.13564217,0.096688114,-0.01248231,0.99999994,0.114802904,0.11636244,0.19937542,0.010075176,0.046662774,-0.035880998,0.042186297,0.012337668,-0.034741223,-0.0446842,-0.03187882,-0.024573196,-0.00021862308,-0.043511182,-0.0025039567,-0.0071214074,0.058170103,-0.026187466,-0.031006213,-0.041551664,-0.019254345,-0.06307004,0.0073522157,0.038809907,-0.04720805,-0.0377348,0.0049976325,-0.03600786,-0.02597344,-0.03938503,-0.044048537,0.03308199,-0.011878861,-0.031066068,0.0240097,-0.041458063,-0.0238483,-0.030247597,-0.048433736,0.0039758626,-0.011517599,0.010116804,-0.013648877,-0.03535105,0.002271359,-0.023818206,-0.03357431,-0.016385892,0.018862411,-0.008098053,-0.029868104,-0.026162177,-0.08479947,-0.02077608,-0.045409348
-0.024773138,0.002589977,0.027621824,-0.0027782838,-0.014844155,0.04197087,0.015865756,-0.030210488,-0.022287335,-0.023760423,0.033461556,-0.050023254,-0.027139446,-0.029533163,-0.03808297,-0.0043473095,-0.0010972982,-0.023665495,0.016499361,-0.037849925,-0.029585492,-0.037335213,-0.002212477,-0.026925394,0.029853947,0.008430482,-0.04736623,0.022091191,0.004129589,-0.016013086,0.008386854,0.00072780484,-0.07271656,-0.045117974,-0.0222043,-0.05175502,-0.013599024,-0.02462471,-0.070481695,0.11588018,-0.032797735,-0.020475738,-0.059132077,0.076681115,-0.03199622,-0.04271,-0.02420415,-0.021667704,-0.020710997,0.032854237,-0.01752372,0.019850451,0.04122762,0.025200669,-0.019102551,-0.024814062,0.040786643,0.039622158,0.03191687,-0.017435908,0.039206225,0.10368587,0.019358553,-0.01002204,0.114802904,1.0000001,0.040768832,0.07280573,0.07924392,0.13838267,0.00027774926,0.06363294,-0.053016953,-0.004839309,-0.06487299,-0.0026009688,-0.039225735,0.027219202,0.061163355,-0.030699693,0.001311861,-0.007151632,-0.017524628,-0.034598514,-0.009964561,-0.05080034,-0.038498532,-0.045564212,-0.059142753,-0.046257593,-0.05939966,0.019771628,0.016538883,-0.009204985,0.011421276,0.008294266,0.06536353,-0.047003876,-0.01042563,-0.039432988,-0.010943711,-0.0516987,-0.012206563,-0.0031060479,0.005088726,0.112588465,-0.00973261,-0.005422176,-0.028733794,-0.026016282,-0.016278725,0.011191949,-0.008747121,0.025296638,0.020204524,-0.021220177,-0.033187613,-0.047110848,-0.031596422,-0.027829539
-0.054401785,0.043910053,-0.015104424,0.006189352,0.040842317,0.047367845,0.025842967,0.0053523746,-0.054257926,-0.002167118,0.018354444,0.0039607887,-0.040866572,0.0026044399,-0.03152674,0.06289355,0.03812119,-0.060945917,0.016323837,-0.03974097,-0.03470787,-0.008135887,-9.941868e-07,-0.05628044,-0.019754156,-0.028841516,-0.022022063,-0.017888162,-0.0244934,-0.0368302,-0.016741462,-0.040347785,-0.054013565,-0.04273696,-0.019030564,-0.018124532,-0.05359854,-0.00026101526,-0.050445255,-0.03352227,-0.04807075,-0.015670331,-0.043859918,-0.03581066,-0.00071515376,-0.037794508,0.013220635,-0.033029843,-0.04159121,0.0252241,-0.018315323,-0.045322455,-0.01356167,-0.0023529343,0.047925513,0.02077399,-0.021556295,-0.031441405,-0.03219831,0.066207364,-0.016272852,0.08759073,0.048549116,0.023448333,0.11636244,0.040768832,0.99999994,0.1336748,0.09335843,0.097389,-0.004441229,-0.013603985,-0.018580759,-0.026028158,-0.040342722,-0.0228583,-0.03776115,-0.054966234,-0.0005835481,0.012383106,0.030243998,0.0980601,-0.019391228,-0.048304178,-0.014527544,-0.0149680115,-0.027584046,0.05692202,0.09563056,0.03851234,0.012444403,-0.007155228,-0.040488522,-0.023550589,-0.050962824,-0.019140178,0.08447933,-0.03045342,0.0060909865,-0.028666427,-0.04548833,0.00842388,-0.009128742,-0.020720389,0.027882189,-0.0034264075,-0.009105386,-0.0013193159,-0.02684244,0.0026221112,-0.045840744,-0.016198028,0.039868727,-0.0073154797,0.0068022273,0.01123316,-0.0108063705,-0.06325234,-0.030172298,-0.021197224
0.0027506843,0.0067537893,-0.015274245,-0.024701986,0.010252174,0.15336794,0.006253261,0.006782395,-0.05377729,-0.0043803127,0.12923692,0.052212033,0.023922995,-0.02435626,-0.026547965,0.056315742,0.070524424,-0.0037738224,0.036761634,-0.02508845,-0.06664632,-0.046439838,0.025616396,-0.03854169,-0.027489211,-0.01753944,-0.015303909,0.016055848,-0.02101063,-0.027497517,-0.013604475,-0.0056583555,-0.030041754,-0.030480713,-0.040489174,-0.030574642,-0.012333477,-0.048185296,-0.0036202562,-0.008373853,-0.033910085,-0.032955386,-0.014736139,-0.016840372,0.0030349148,-0.02376686,-0.029697899,-0.04269407,-0.020487463,-0.04573528,0.02577541,-0.01303203,-0.0028341599,-0.01593143,0.0060258443,-0.021797802,0.036165617,-0.021626227,-0.057268046,0.040787198,-0.00913641,0.11141817,0.14921126,-0.0017922856,0.19937542,0.07280573,0.1336748,1.0,0.07591627,0.051477164,-0.016784165,-0.018212005,-0.0271916,-0.018464534,-0.06365943,-0.014891459,-0.07612476,-0.02109119,-0.048079986,0.018667512,0.01736398,0.010204641,-0.022277202,-0.022261593,-0.03458967,-0.01348068,-0.015692249,0.0031103576,-0.004879698,-0.012068503,-0.045438703,0.0012067165,-0.030707266,-0.042158496,-0.025049847,-0.0666305,0.0701071,-0.020516131,-0.03038862,0.011542209,-0.0040227138,0.0030889232,-0.044604532,-0.037799716,0.026723595,0.020458356,-0.021849072,-0.026867233,-0.03294248,-0.001547442,-0.047945,0.00676772,-0.03980068,-0.005687253,0.027307665,-0.009719152,0.0039625987,-0.06253804,0.016789602,-0.01654215
0.012786084,0.056807037,0.04227278,0.023261033,0.04129912,0.119257785,-0.011507541,-0.017485496,-0.02711847,0.054176304,0.027107654,0.032948453,0.03074838,-0.00725427,-0.0013164415,-0.063229196,-0.049398936,0.0062358007,-0.04420376,-0.066060536,-0.038940135,-0.04704613,-0.0504328,-0.05660136,-0.003653834,-0.022457661,-0.02238601,-0.055324957,-0.052389074,-0.011863658,-0.017167728,-0.037585437,0.019303404,-0.012003314,-0.038549896,-0.014238259,-0.018662352,-0.021268226,0.014630409,-0.008312022,0.008539517,-0.020640092,0.01227403,-0.003408717,-0.0071093594,-0.009012548,0.01683627,-0.0180344,-0.017101938,0.04253003,0.017828375,0.034266062,0.007461478,0.019378297,0.023740249,0.0012834365,0.090125635,0.0035983445,-0.040931776,-0.031243691,-0.026171913,0.109407604,0.06987844,0.051817976,0.010075176,0.07924392,0.09335843,0.07591627,1.0000001,0.117208034,0.07036159,-0.022423599,-0.041999925,-0.07404987,-0.07855306,0.028670723,-0.076969355,-0.013175579,-0.014969264,-0.021115495,0.0033160266,-0.0035851444,-0.035370357,-0.023409585,-0.078509256,-0.023329293,-0.0067914412,-0.039249588,0.028051093,0.0002050125,-0.061987847,-0.05315773,-0.059377305,0.030950604,-0.0032852525,-0.015018584,0.027016724,-0.044823565,-0.064645305,-0.05564186,-0.003984732,-0.008956116,-0.042123485,-0.018730704,0.030168,0.011072182,-0.0446419,-0.027038895,0.009328656,-0.044118,-0.049731597,0.032941528,-0.016485624,0.068891935,0.062098008,0.017065085,-0.044117294,-0.014722971,-0.020241307,-0.040540792
-0.032942567,0.009159621,-0.025034525,0.03438399,0.0059727835,0.05902096,-0.005894776,-0.059213236,-0.039458334,0.07510956,0.016102498,-0.02698775,0.0643366,-0.0459671,0.0102828145,-0.055209152,-0.035688117,0.0032646786,-0.031812567,-0.009142238,-0.043489397,-0.038078025,-0.0019042518,-0.037199978,0.02378227,-0.00349356,-0.055087987,0.01304891,-0.0640648,-0.020222958,-0.011355845,-0.025565354,-0.0075596143,-0.04959199,0.0065545626,-0.004333676,0.013599661,-0.055194937,-0.047501024,-0.03132531,-0.015010689,-0.042171624,0.030811971,-0.0072680963,-0.060971472,0.021516118,0.013176207,-0.032585334,-0.027027061,0.005226708,0.0048993123,-0.029619602,-0.029144354,0.032727912,0.05132676,0.030499965,0.0357083,0.0093468195,0.048974555,0.06319792,0.032775216,0.049226716,0.09602445,0.055777643,0.046662774,0.13838267,0.097389,0.051477164,0.117208034,1.0,0.10154898,-0.011593461,-0.049044516,-0.024036814,-0.054889776,0.04539192,-0.055343874,-0.0007130895,-0.04903151,-0.047797963,-0.035949647,-0.043431643,0.0008125724,-0.037593856,-0.07586236,-0.026183927,-0.037325285,-0.025878536,-0.022052241,-0.05846104,-0.043027155,-0.022942403,0.040436186,0.013814843,-0.03834888,-0.010918039,0.040175002,-0.05771219,-0.026571788,-0.05329969,0.0010370229,-0.04249198,-0.01504443,0.03906645,0.054132994,-0.009869637,-0.032868084,-0.008972364,0.009089708,0.005627134,0.018708173,-0.029110566,-0.024612043,0.008326509,0.016395263,0.01922862,-0.04362558,-0.041269183,-0.055548016,-0.034631427
-0.013105181,-0.03740009,-0.037278,-0.010975861,-0.015695257,-0.02178501,-0.06294507,-0.0700155,0.0019704336,0.040161338,-0.042487882,-0.05995693,0.01566599,-0.004191311,0.028642122,-0.03235182,-0.078153886,-0.0108978115,-0.022333654,-0.0050615687,-0.03369265,-0.0125155635,-0.016555835,-0.02742314,-0.0060903113,-0.022530522,-0.014743784,0.025406674,-0.021870447,-0.039815124,0.06266282,-0.04513825,0.100320235,-0.007270684,-0.034377005,-0.044871684,-0.033237554,-0.04475623,-0.01275894,-0.018803146,0.01959347,-0.051236644,-0.0036427735,-0.034102608,0.0064546345,0.0057370234,0.049654156,-0.010837488,-0.0046141325,0.0031087953,-0.046943635,0.0073550823,-0.07503237,-0.012168439,0.03315671,0.19320549,-0.054392308,-0.024065765,0.01893463,0.033503737,0.048298605,-0.041508988,0.039597765,0.089658305,-0.035880998,0.00027774926,-0.004441229,-0.016784165,0.07036159,0.10154898,1.0000001,-0.025211986,0.005730005,0.055860847,-0.01027939,0.023445975,-0.022526711,0.002267613,0.029004205,-0.037439365,-0.050123855,-0.03510566,0.11393082,-0.03292199,-0.011705164,0.0032637366,0.00029592635,-0.03978545,0.0026578922,-0.02269573,-0.028579146,0.0037816735,-0.0203195,0.0059951907,-0.015154837,0.01522794,-0.07431179,-0.027858349,-0.01836896,-0.043359425,0.01430156,-0.027216814,-0.02763297,0.0039347494,0.06233496,-0.04194346,-0.02024753,-0.040154804,-0.012368568,-0.009231557,-0.0622545,-0.01196401,-0.04199168,0.10147554,0.09528739,0.19599734,0.009177021,0.0036919666,-0.0045984816,-0.025664343
-0.030852124,0.0015453536,0.01986863,-0.026811505,-0.010561022,0.0018781286,-0.009982265,-0.044023313,-0.029982995,0.025888667,-0.06576837,-0.0025744746,-0.06895249,-0.036719684,-0.030055273,-0.0587121,-0.02175456,-0.03320138,0.106300935,0.0667991,0.0021520308,-0.03831839,0.0053844,-0.013389334,-0.014551054,0.04728008,-0.011020326,-0.025941502,-0.055169605,-0.06112212,0.059389316,-0.052556723,-0.028554967,-0.03297077,-0.048188586,-0.011181275,-0.020467874,-0.025596226,-0.0056722844,0.028944694,-0.051599715,-0.032316353,-0.07315768,-0.021018606,-0.036622237,-0.057738975,-0.017345697,-0.01925708,-0.027284192,-0.0089709135,-0.06531801,0.013384746,0.06606758,-0.01932459,0.037370745,0.058655493,0.10219838,0.07927869,0.054762468,-0.02203091,-0.042516544,0.047800325,-0.035472296,0.0020912606,0.042186297,0.06363294,-0.013603985,-0.018212005,-0.022423599,-0.011593461,-0.025211986,1.0,-0.034649253,0.013698466,-0.036900103,-0.028055988,-0.029317202,0.03563056,0.038061894,-0.0063298233,0.012708029,0.029437939,-0.037984323,0.010278329,-0.00837758,-0.04341189,-0.06479344,-0.045622855,0.023360271,-0.04630597,-0.0360928,-0.03573432,-0.021466121,0.060366157,-0.024713274,-0.055062544,0.06230889,0.032816112,0.055975094,0.08333205,-0.04445592,-0.07611798,0.012314189,0.010833043,0.027371975,0.21950072,0.1329041,0.03442241,-0.007288159,0.026420735,-0.071228094,-0.03110372,0.004032185,0.026256986,0.0012628697,0.06518337,-0.03609457,0.007372012,0.02027433,-0.00045389705
0.0403725,0.013796484,-0.024930136,-0.001831563,-0.002076709,-0.053711083,-0.0058120037,0.05640522,-0.07541894,-0.04033636,0.005443103,-0.023623405,-0.032108475,-0.029058851,-0.053488348,-0.047436606,-0.03350779,0.0035768957,-0.05679263,-0.06380234,-0.01865692,-0.030164825,-0.026098218,0.08951455,-0.035173915,-0.03837874,-0.036490474,-0.04994147,0.041251183,-0.03966072,-0.046299584,-0.008948071,0.007719311,-0.034624938,-0.017349133,-0.0050146542,0.017048463,0.0025403402,-0.0077531002,-0.0736714,-0.02779566,0.04348911,-0.00040270854,-0.027402747,0.0012855319,-0.019287705,0.025375843,0.0015481376,0.07139866,-0.008015865,0.028678708,-0.04202958,-0.03444358,0.0064197616,0.09373898,0.044993382,-0.037652716,0.009893143,-0.04045455,0.00907239,-0.038621165,-0.042368613,-0.0142313745,-0.029426903,0.012337668,-0.053016953,-0.018580759,-0.0271916,-0.041999925,-0.049044516,0.005730005,-0.034649253,0.9999999,0.15178818,0.030547509,-0.037083767,0.143843,-0.008469559,-0.021238215,0.0029293415,0.012841775,0.04796301,0.027170286,-0.0072279433,0.004589521,0.023704788,0.0032622823,-0.027973263,0.0011926931,-0.013119187,-0.04733403,-0.019219369,-0.04097327,0.0195491,0.05965098,-0.055989075,-0.05082728,0.02917531,-0.00899866,0.01040508,0.039175093,0.03367736,0.010405103,-0.044435967,0.06987373,-0.037306443,0.015882326,0.0446433,0.03726788,0.04088477,-0.016669031,0.03812398,0.04586001,-0.008629989,-0.018638194,-0.023029974,0.03380111,0.021291737,0.022605373,0.024306547
-0.04820741,-0.025099348,-0.059719168,-0.019332,-0.05591586,-0.028924566,0.012585286,-0.042342987,-0.0536092,0.031505793,-0.046928033,-0.049492557,-0.0779507,-0.036025334,-0.06778047,-0.042534623,-0.03622798,-0.058847513,0.009487074,-0.0014942931,-0.042746577,-0.004201954,-0.0113475695,0.046739604,-0.033034768,0.0066551296,0.04178662,-0.033524968,0.03463423,-0.037791222,-0.018240135,0.0072798273,-0.025369423,-0.042576272,-0.03341116,0.025926638,-0.021851284,0.016770426,-0.021444995,-0.0102038,-0.0009555832,0.016798895,-0.02026327,-0.058803186,0.016630936,-0.027326355,0.043810993,-0.019408526,0.09118125,-0.05383408,-0.065925345,-0.028696127,-0.0056922627,-0.04023412,0.11699756,0.07456907,0.00096442737,-0.014262211,-0.023180762,-0.01994431,-0.006586559,-0.038826942,-0.00051606353,-0.0015067793,-0.034741223,-0.004839309,-0.026028158,-0.018464534,-0.07404987,-0.024036814,0.055860847,0.013698466,0.15178818,1.0,0.04902213,0.02548666,0.07451703,0.0205278,0.012341089,0.0064855726,0.04945121,0.074230745,0.043153852,-0.045366626,0.097469755,0.01745047,-0.022890648,-0.055089172,0.0314834,-0.01919552,-0.020228665,-0.07639869,-0.047539245,0.03447097,-0.018409505,0.012297075,-0.05186938,0.0702104,0.029949661,0.012151333,0.054026186,-0.039284147,-0.04084629,0.022141762,0.10103834,-0.023817683,0.06616208,0.016290966,0.041420918,0.05984775,-0.024667554,0.0062989937,-0.0030696727,-0.031214913,-0.044115376,0.020176128,0.031783614,0.05192814,0.04915849,0.018447835
-0.0023691205,-0.02832823,-0.07324291,-0.046124507,-0.06394534,-0.013392659,-0.03206146,0.0183918,0.06779971,-0.034697685,-0.05215068,-9.432901e-06,0.047136556,-0.014174722,0.017696459,-0.04384519,-0.039333846,0.028404437,-0.043604225,0.0038390448,0.030613007,0.05839621,0.035937168,0.117640875,-0.015373613,-0.0013569836,-0.0064001866,-0.051054284,0.017103834,0.009671148,-0.044134382,0.034080014,0.002815544,0.020817887,-0.03181796,0.009696306,-0.07811366,-0.03867299,-0.019162545,-0.05385019,0.01779079,0.019098746,-0.018939516,-0.047483224,0.006034951,0.0018641528,-0.009391297,0.009093305,0.025795786,-0.039609775,-0.026801657,-0.043844268,-0.024256969,-0.052726693,-0.029742049,-0.0035901088,-0.025875818,0.010429589,0.05016828,-0.037123717,0.018505055,-0.052843116,-0.04943081,-0.040658362,-0.0446842,-0.06487299,-0.040342722,-0.06365943,-0.07855306,-0.054889776,-0.01027939,-0.036900103,0.030547509,0.04902213,0.99999994,-0.0020565214,0.09938312,-0.03931518,-0.042621497,-0.046129767,-0.05544848,-0.022450598,-0.013563916,0.02891145,0.20826595,0.041729573,0.025086755,-0.030740026,-0.030528197,-0.014159325,-0.0021995436,0.061295804,0.055463172,-0.0007038405,0.048889656,0.023967305,0.0019654897,0.01757,-0.013674588,0.019258156,-0.015076984,0.013597559,0.041052133,0.07615289,-0.03942781,-0.045665395,-0.06194331,-0.02913569,0.03673131,0.026843749,0.10969607,0.021696955,0.043815777,-0.05563654,-0.056728393,-0.012668021,0.03841617,0.11319319,0.04504684,0.08284201
-0.042086724,-0.017602276,-0.052381936,0.03735054,0.0016982392,-0.0043892865,-0.002842972,-0.042307645,-0.028075086,0.10706112,-0.020415317,-0.057800706,-0.037370052,-0.055526864,-0.055711627,-0.07289483,0.0047369534,-0.012930263,-0.030468825,0.03306014,-0.053636808,-0.09121583,-0.061103564,-0.06769761,0.1394424,-0.02697856,0.027059546,-0.02001819,-0.013919087,-0.025683612,-0.05145381,-0.006392999,0.03331024,0.063443325,0.043714475,0.016600529,-0.00039414968,-0.022230221,0.037366997,0.0038444463,0.043515433,0.11114405,0.07909334,0.04069433,-0.035276074,0.03307187,0.12760767,0.07314548,0.06230899,0.15172052,0.054579336,0.12655188,0.025885986,0.039769433,-0.017678706,-0.04398511,0.037699096,-0.031302504,-0.062404975,-0.04244834,0.0009037256,-0.028113322,0.0296844,0.0069268052,-0.03187882,-0.0026009688,-0.0228583,-0.014891459,0.028670723,0.04539192,0.023445975,-0.028055988,-0.037083767,0.02548666,-0.0020565214,0.99999994,-0.071612,0.06595422,0.07842441,0.0010132184,0.010350759,-0.0019283799,0.1267387,-0.029736314,0.0010561089,-0.033573825,-0.007127814,-0.021070907,-0.00074290787,-0.03741863,-0.014364679,-0.013401367,-0.031775318,0.011920188,-0.04658845,-0.0115456,-0.046545003,-0.02480241,-0.01928176,-0.039012674,0.05331979,-0.0399874,-0.05088542,0.020813439,0.050815143,-0.017516647,-0.011589605,-0.020215744,0.033711385,-0.025656115,-0.026324218,-0.031694494,-0.015834887,-0.0552569,-0.022672374,-0.034278955,-0.031037278,-0.06434259,-0.05632654,-0.02057726
0.049246468,-0.057127852,-0.11116993,-0.036606155,-0.10301328,-0.056508284,-0.001754661,0.13916452,0.0049614212,-0.033037536,-0.050308753,-0.022637943,-0.06262106,0.041985337,0.05977667,-0.06827312,-0.06102981,0.030449703,-0.057472587,-0.038572088,-0.024204226,0.020864284,0.023252368,0.022722779,-0.05871725,0.014093004,0.0141048115,-0.02282324,0.030478382,0.017988924,-0.04128588,-0.02764247,-0.03379751,-0.00015726034,-0.067786425,0.011552837,-0.06961336,-0.005369305,-0.0061468957,-0.077134944,0.0020356106,-0.012240424,0.009777522,-0.073893756,0.016325159,-0.033673786,-0.027937364,-0.05699405,0.003035687,-0.033823505,-0.0018996345,0.004479095,-0.047308993,-0.07943799,0.035972577,0.0027814917,-0.022032863,0.052995678,0.028920494,0.020965587,-0.0017776415,-0.025261808,-0.012944495,-0.007071361,-0.024573196,-0.039225735,-0.03776115,-0.07612476,-0.076969355,-0.055343874,-0.022526711,-0.029317202,0.143843,0.07451703,0.09938312,-0.071612,0.9999999,0.0036078356,-0.030462787,-0.034121025,0.027943073,0.055148393,-0.050081696,0.11007248,0.15154514,0.12729193,0.12770666,-0.02289712,-0.05709103,0.09962266,0.0718705,-0.062249012,-0.04753419,0.057984505,0.014543593,-0.001666458,-0.031046692,0.06189072,0.016721558,0.051540766,-0.04129419,0.0468197,-0.03195159,-0.015071671,-0.024668138,-0.037619315,-0.04017925,0.015884764,-0.016017178,-0.047552105,0.028099252,0.090546794,0.111567155,-0.04269119,-0.055195276,-0.04297588,0.080437966,0.13755682,0.04143743,0.038693585
-0.06925818,0.0031521348,0.026631322,0.053703237,-0.010159638,-0.01712004,-0.005958708,-0.04531235,0.00730353,0.03383499,-0.026775636,-0.065060936,-0.0026558249,-0.032334685,-0.032934036,-0.037981197,-0.03696239,-0.027233053,0.017890124,0.042821147,-0.019424839,-0.005133234,-0.004045458,-0.024789345,0.103637174,-0.01845741,0.04350108,-0.01895763,-0.037853148,-0.051344067,0.06279782,-0.0073338225,-0.009569897,-0.014315093,0.0012847397,-0.025539365,-0.018248955,-0.004108373,0.02659471,0.05585271,0.033280488,-0.0010697923,-0.006000528,0.009865254,-0.012044947,-0.0142775895,0.011048751,-0.025588376,0.050865263,0.05256122,-0.03955057,0.07471264,0.027102564,-0.012628945,-0.07016893,0.0067510125,-0.02089584,-0.010492206,-0.038807746,-0.03531427,-0.029605886,0.017218051,-0.0051900093,-0.0043263393,-0.00021862308,0.027219202,-0.054966234,-0.02109119,-0.013175579,-0.0007130895,0.002267613,0.03563056,-0.008469559,0.0205278,-0.03931518,0.06595422,0.0036078356,0.99999994,0.095811345,-0.024342895,-0.011641819,-0.046206098,0.025414104,-0.047559932,-0.01871506,-0.032133225,-0.06418808,-0.05450494,0.020150727,-0.010400996,-0.0009581656,-0.036557745,-0.049124904,0.023496578,-0.021062357,-0.02637704,-0.035659574,-0.00877226,-0.040366307,-0.03094273,0.011861799,-0.040630743,-0.004914512,-0.023484757,0.029288597,0.04011317,0.028432235,0.01378303,0.0052261073,0.020228341,-0.012512818,-0.04639415,-0.00076653855,0.016887728,0.008376638,0.04751027,-0.015247911,-0.0103814555,-0.021921672,0.026100596
-0.038595177,0.0047112494,0.06522932,0.038125124,0.027706567,-0.021631464,0.027746597,-0.016148558,-0.055276122,0.021428868,-0.008428578,-0.01128692,-0.00300411,-0.06626052,-0.06726188,-0.030288035,-0.064584084,-0.027026283,-0.007131519,0.046749577,-0.063027196,-0.047110032,-0.057640005,-0.021776773,0.11195651,-0.028946232,0.016522437,-0.021867592,-0.03797498,-0.047624536,0.096465155,0.0037061702,-0.026201017,0.016362526,0.0013768952,-0.022152498,-0.0042771916,0.035266567,0.051385146,0.13192305,0.0071375202,0.006419669,-0.0030781906,0.07020363,-0.018149592,0.0125405565,0.012195667,0.05404239,0.00012457557,0.1383989,-0.021922475,0.106364846,0.08171585,0.04808046,-0.04550551,-0.030360723,-0.020397553,-0.038558237,-0.041866094,-0.053785667,-0.084032804,0.00060800556,-0.034079153,0.001955513,-0.043511182,0.061163355,-0.0005835481,-0.048079986,-0.014969264,-0.04903151,0.029004205,0.038061894,-0.021238215,0.012341089,-0.042621497,0.07842441,-0.030462787,0.095811345,1.0000001,-0.04349202,0.011128154,0.021871919,0.030087609,-0.03234983,-0.033304963,-0.05095736,-0.03895552,-0.008838222,0.024603087,-0.018791566,0.0036677644,-0.050268926,-0.042959515,0.035812967,-0.018210366,-0.04602716,-0.0016474341,0.005655379,0.037265707,0.016667793,-0.022339271,-0.0748706,-0.01797356,-0.021815166,0.024575552,0.05665297,0.013038095,-0.00044162897,-0.033255488,0.017963834,-0.019226968,-0.013507489,0.004039515,-0.00577836,-0.0011180118,0.029434307,-0.040197045,-0.073249266,-0.045197207,-0.013403267
-0.0014793498,0.057270672,0.008722326,0.016900094,0.010752244,0.02465615,0.12165792,0.04367956,-0.01311363,0.029767018,-0.0323167,0.048961572,-0.008000421,-0.029284203,-0.04073698,0.011953884,0.01770658,0.016483083,0.051290166,-0.043013066,0.003502369,-0.03663132,-0.018417442,-0.018002618,-0.037247885,-0.032789122,-0.040328816,-0.101646975,-0.056616515,-0.01699191,-0.029661102,-0.009917939,-0.023671307,0.0010130149,0.022032032,0.016848631,0.034988746,0.068212025,0.0042927847,-0.024976373,0.03756951,-0.019888585,0.021472925,-0.027878068,-0.02033526,-0.0200427,-0.04568222,-0.057668343,0.00015496905,0.0015108865,0.03370633,-0.044677436,-0.025403494,-0.016119989,-0.03796081,-0.038024925,-0.017659971,-0.059169594,-0.058783494,-0.055361263,-0.030623809,-0.027317818,-0.015762065,-0.034181543,-0.0025039567,-0.030699693,0.012383106,0.018667512,-0.021115495,-0.047797963,-0.037439365,-0.0063298233,0.0029293415,0.0064855726,-0.046129767,0.0010132184,-0.034121025,-0.024342895,-0.04349202,1.0000001,0.25023544,0.102091536,-0.021017745,-0.039611205,0.0029248886,-0.04693719,-0.021792457,-0.014635951,0.045582432,0.021986673,0.0012368807,-0.009386791,-0.02179788,-0.019099642,-0.019710358,-0.058629863,0.03339491,0.0024014711,0.03909009,-0.0048617315,-0.039863702,0.04483959,-0.052708406,0.031066442,-0.024891224,-0.028026601,0.061890863,0.0920793,0.019888397,0.064543374,-0.014872862,0.10251172,0.043226704,-0.01705676,0.015182796,-0.010099933,-0.025259923,-0.024744965,0.0038012841,-0.0011319176
-0.02844468,0.03995791,-0.036914572,-0.003266329,-0.00688544,-0.017608516,0.052794524,0.0125956265,-0.06049669,-0.019083057,0.002590553,0.020649448,-0.052889615,-0.028860904,-0.007598778,0.015330299,-0.0183,-0.017472282,0.084252,-0.025333945,-0.023363069,-0.045459878,-0.052384023,-0.0008713284,-0.014857408,-0.03707209,-0.00095245976,-0.026296157,-0.04002775,-0.01073183,-0.037067056,-0.030903578,-0.02671379,-0.009285055,-0.015578557,-0.027781954,-0.003080693,0.02737425,-0.015273542,-0.034585234,0.044418637,-0.03963415,-0.0061518867,-0.027980914,-0.021882087,-0.042607784,-0.06884164,-0.026116654,-0.035775106,0.0082505,-0.014715854,-0.026285041,0.0022966613,-0.006724016,0.036351793,-0.02082023,0.04305624,-0.03793882,-0.026801165,0.0038767383,-0.014555462,-0.005290703,0.0500778,-0.026803365,-0.0071214074,0.001311861,0.030243998,0.01736398,0.0033160266,-0.035949647,-0.050123855,0.012708029,0.012841775,0.04945121,-0.05544848,0.010350759,0.027943073,-0.011641819,0.011128154,0.25023544,0.9999999,0.17479856,0.014977574,-0.036876105,0.052123114,-0.04312943,-0.04935834,-0.04558643,0.06349144,0.01727685,0.0047551235,-0.032334786,-0.071267135,0.02834932,-0.0396267,-0.04334464,0.050815165,0.049450614,0.0562737,0.025561959,-0.023799064,-0.00016793329,-0.025562385,0.012714015,0.046496857,0.049504023,0.034820907,-0.0020066146,0.04401252,0.0057470105,-0.03781275,0.07115337,0.08739531,-0.022657324,-0.013949809,-0.038200993,-0.05383193,-0.027242146,-0.007887734,-0.035868563
-0.02225105,0.055852562,-0.033734363,-0.0052055116,-0.026500631,0.020514954,0.07361673,0.009905714,-0.07624774,-0.024228798,-0.006645226,-0.008830969,-0.04733811,0.011419732,-0.052124377,-0.008598739,-0.049703803,-0.024113236,0.090214394,0.027850384,0.010264617,0.025504302,-0.006152454,-0.02945454,-0.009127354,0.009265715,0.031423934,-0.025279159,0.0064428835,-0.018610822,-0.002216413,-0.0066377316,-0.070704065,-0.039094076,-0.013351638,-0.034530167,-0.027656917,0.028501108,-0.037045646,-0.03883335,-0.04672333,-0.015060574,-0.05487715,-0.010366869,0.045825955,-0.04229242,-0.041332647,-0.03561197,-0.018506886,0.033212125,-0.01751098,-0.040762607,0.0049121925,-0.022144714,0.055754676,-0.026308166,-0.016775526,-0.016964866,-0.07121897,0.0006893072,-0.028620683,0.04164395,-0.044168603,-0.01105885,0.058170103,-0.007151632,0.0980601,0.010204641,-0.0035851444,-0.043431643,-0.03510566,0.029437939,0.04796301,0.074230745,-0.022450598,-0.0019283799,0.055148393,-0.046206098,0.021871919,0.102091536,0.17479856,0.99999976,-0.034682777,-0.05085345,0.016025502,-0.025322767,-0.02319804,0.030093841,0.115704164,0.060977656,0.0035473988,-0.007713522,-0.0508239,0.009414336,-0.016894026,-0.027290734,0.047348965,0.012998167,0.04087396,0.0406631,-0.019150069,0.024965119,-0.06313018,-0.012395277,0.049023736,0.05029417,0.025562964,0.0021979772,-0.0363103,0.020959489,-0.036370326,0.06896912,0.14255987,-0.008816142,-0.017182274,-0.02689198,-0.03970718,0.011864277,0.011480156,-0.015394871
-0.045939103,-0.035042282,-0.032556683,-0.014741268,-0.027749194,-0.046586618,-0.03459593,-0.04353959,-0.059846684,0.05951364,-0.01692723,-0.07206181,-0.02631187,0.017913565,-0.020566467,-0.02697451,-0.034261372,-0.050732262,0.005057278,0.051566128,-0.052989982,-0.020203428,-0.035505,0.02964269,0.07991545,-0.0515427,0.06679023,-0.07631273,0.0058709793,-0.06202321,0.028266199,-0.008232054,0.17939754,0.020684244,0.02712158,0.004267701,-0.055572197,-0.012711022,0.039548058,0.03571144,-0.0021646349,0.050608143,-0.009802075,-0.0019844603,-0.04678814,0.019409329,0.16259053,0.09425246,0.072221115,0.04060228,-0.017694304,0.052650586,0.016208945,0.028306786,0.0047746375,0.03340096,-0.018265814,-0.03789579,-0.013399334,0.003741046,-0.0074430723,-0.0012626424,-0.014833044,-0.0044985074,-0.026187466,-0.017524628,-0.019391228,-0.022277202,-0.035370357,0.0008125724,0.11393082,-0.037984323,0.027170286,0.043153852,-0.013563916,0.1267387,-0.050081696,0.025414104,0.030087609,-0.021017745,0.014977574,-0.034682777,0.99999994,0.0020216377,-0.054931954,0.002641672,-0.012026962,0.0068624923,0.037988838,-0.015163803,-0.01810563,-0.03566872,-0.023145538,0.037713893,-0.0036687455,-0.011453882,-0.026268324,-0.047767192,-0.033908922,-0.030332144,0.090091504,-0.019087022,-0.05618693,0.014525041,0.09239941,-0.049547464,-0.0118926065,-0.048302397,0.038055107,0.022377938,-0.06620522,-0.008438665,-0.0549184,0.0061985403,0.03911213,0.057765827,0.011134627,-0.0396737,-0.00034815352,-0.019025747
0.00053273514,0.0012493362,-0.011948512,-0.028861074,-0.011169193,-0.052231982,-0.025352858,0.05908469,0.015058537,-0.035823885,-0.026752178,0.006897888,0.050457064,0.073821194,0.15439261,-0.006372857,-0.014388658,0.028925434,-0.071423195,-0.025974764,-0.024337647,-0.005159136,-0.065727845,-0.027554564,-0.05727423,-0.049497105,-0.0012031447,-0.020608697,0.06545477,0.042013448,-0.019659653,-0.001955131,0.0070747426,-0.061418194,-0.033212736,-0.025372485,-0.02976628,-0.03647871,-0.028268345,-0.043150898,0.03423789,-0.035037376,0.027771855,-0.014790152,-0.005066432,0.0056674154,0.021037154,-0.009517634,-0.018928766,-0.024125779,0.024855893,-0.007159182,-0.05773472,-0.032609425,0.05535366,0.06969535,-0.034188334,0.08826052,0.02138235,0.010455144,-0.0090569295,-0.04111191,-0.018822078,0.106500395,-0.031006213,-0.034598514,-0.048304178,-0.022261593,-0.023409585,-0.037593856,-0.03292199,0.010278329,-0.0072279433,-0.045366626,0.02891145,-0.029736314,0.11007248,-0.047559932,-0.03234983,-0.039611205,-0.036876105,-0.05085345,0.0020216377,1.0,0.03788341,0.16746096,0.13990967,0.11776519,0.0057026823,0.12779994,0.030009843,-0.009543231,-0.017755128,0.10889053,0.0053139823,0.0052060336,0.024062369,-0.03131175,-0.033985578,-0.012214772,-0.03294433,-0.016281849,0.0099002505,0.013345496,-0.009683106,-0.037469633,-0.06341102,-0.02036602,0.00739138,-0.038974926,0.06805593,-0.0118427025,-0.016370544,0.016134055,-0.030643784,-0.060901508,-0.0052970345,-0.010071283,-0.011431344,-0.008753758
-0.043277115,-0.014435361,-0.012230612,-0.030029863,-0.067733005,-0.026541445,0.014194925,0.027613778,-0.009935388,-0.0036531086,-0.038068585,0.001986092,0.034459725,-0.041403558,0.0394131,-0.021622261,-0.03655191,0.0017801905,-0.012628,0.0140953045,-0.036306273,-0.02408459,-0.027314074,0.14433391,0.008181276,-0.046221025,0.005070369,-0.019171884,-0.027246544,-0.024924941,-0.039580397,-0.0155642275,-0.024094164,-0.02551328,-0.032902576,0.07271123,-0.03438377,0.00386394,-0.0038545935,0.01392091,0.052119948,0.033218175,0.0072143534,-0.05315429,-0.009395202,-0.025205359,-0.012764314,-0.040385365,0.030388193,-0.051857695,-0.06614646,-0.016607463,-0.0048935683,-0.03257983,0.005529994,-0.014729647,-0.026955761,0.014787736,-0.0019550584,0.004566041,-0.0277154,-0.06882127,-0.021546904,-0.015111094,-0.041551664,-0.009964561,-0.014527544,-0.03458967,-0.078509256,-0.07586236,-0.011705164,-0.00837758,0.004589521,0.097469755,0.20826595,0.0010561089,0.15154514,-0.01871506,-0.033304963,0.0029248886,0.052123114,0.016025502,-0.054931954,0.03788341,1.0,0.04313989,0.009863477,-0.0251035,-0.0046630297,0.01170094,-0.022623634,-0.03872582,-0.014486752,0.03211656,-0.01813613,-0.02739992,-0.0145210195,0.056432005,0.044808153,0.05488929,-0.08432331,0.0040643183,-0.027401209,0.10389634,-0.024246056,-0.009147058,-0.018811293,0.0062207123,0.000355307,0.050656628,0.0053661577,0.032755915,0.045940317,-0.04359473,-0.0764859,-0.051983625,-0.005417549,0.05904995,0.019760333,0.049338825
0.03385778,-0.06952303,-0.034773458,-0.059266035,-0.05400216,-0.0012313572,-0.027260683,0.09621762,0.06313574,0.0021841673,0.025563888,0.0022289625,0.02577227,0.0919069,0.19727322,-0.0022237778,-0.0017944502,0.06447672,-0.043369185,-0.016872847,0.063478544,0.012269018,0.0076963985,-0.013492095,-0.07756628,0.04046709,0.0076814597,0.007153557,0.054567333,0.03408484,-0.060511373,-0.019484606,-0.020674586,-0.006590487,-0.060765754,-0.046676397,0.0021631084,-0.031101815,-0.036181375,-0.040663872,-0.023923201,-0.050262213,-0.017411357,-0.069560505,-0.0009268237,5.5484008e-05,0.0154976575,0.009393368,-0.02068477,-0.020368101,-0.02068799,-0.035153426,-0.074949995,-0.032645732,0.031334057,0.035673402,-0.035169676,0.049615692,-0.009598755,0.059390504,0.0725353,-0.033378012,-0.0032166769,0.0701499,-0.019254345,-0.05080034,-0.0149680115,-0.01348068,-0.023329293,-0.026183927,0.0032637366,-0.04341189,0.023704788,0.01745047,0.041729573,-0.033573825,0.12729193,-0.032133225,-0.05095736,-0.04693719,-0.04312943,-0.025322767,0.002641672,0.16746096,0.04313989,0.99999976,0.19627528,0.06695593,-0.026019458,0.0555801,0.048125047,-0.004123578,-0.0242013,-0.024629958,0.00877655,0.10233874,-0.059788607,-0.026053626,-0.037486117,-0.008187737,0.0032200685,0.014151481,-0.029739486,-0.07808528,-0.07643993,-0.048772715,-0.051124208,-0.04417701,-0.0914881,-0.049415804,-0.00016774237,-0.036435585,-0.04199682,-0.036467712,-0.028143294,-0.00086395815,0.07660147,-0.024348864,-0.010323059,0.00916961
0.15392768,-0.04531557,-0.0011571139,0.0011171503,-0.026235372,-0.032331247,0.03321316,0.17506967,0.03661212,-0.028866217,-0.009930715,-0.010059239,-0.006660329,0.024273295,0.095326625,-0.070619956,-0.098038845,0.026429802,-0.049490236,-0.082891084,0.14107153,0.00998684,0.006740458,0.023077538,-0.066720344,-0.03446444,-0.018768288,0.00765947,0.0403274,0.04201832,-0.055789325,0.010592126,-0.0804263,0.009034574,-0.008161194,0.0034947023,0.03676725,-0.023989543,-0.002095201,-0.030405264,0.034859356,-0.015516476,0.02001717,-0.04744381,0.045536075,0.0061046863,-0.052568644,-0.01505758,-0.013639933,-0.008374549,0.042071536,-0.04616697,-0.013683697,-0.021060059,-0.061325975,0.004953865,-0.06652423,-0.07388106,-0.054156076,-0.034319717,0.056954402,-0.07835193,-0.01690781,0.05264621,-0.06307004,-0.038498532,-0.027584046,-0.015692249,-0.0067914412,-0.037325285,0.00029592635,-0.06479344,0.0032622823,-0.022890648,0.025086755,-0.007127814,0.12770666,-0.06418808,-0.03895552,-0.021792457,-0.04935834,-0.02319804,-0.012026962,0.13990967,0.009863477,0.19627528,1.0,0.016767014,-0.04063781,0.07101965,0.043712907,0.047485515,-0.0021291166,-0.00914133,0.037592836,-0.014639825,-0.06868924,-0.0040870304,-0.000976073,-0.03879619,-0.039556123,0.06971734,-0.009381496,-0.06796353,-0.042753287,-0.08334746,-0.050735056,0.05343243,-0.036597878,-0.010941881,0.07997553,0.020560939,-0.004484295,0.008594398,-0.021634785,0.01806617,0.0967957,0.03390255,0.013826282,0.013551697
-0.044568174,-0.008724615,-0.011075367,-0.020618295,-0.030797552,-0.021140743,-0.03294127,0.024123326,0.0043533803,-0.009959241,0.055172414,0.048838936,0.03175554,0.08042251,0.04886161,0.07005157,0.0268781,0.029037103,-0.03932527,-0.008624866,-0.028965484,0.032690525,-0.009076347,-0.051247098,-0.04576657,-0.026911717,-0.0025156308,-0.030255517,0.045797672,0.045796636,-0.026922379,-0.01020199,0.001716794,-0.03956382,0.0048335716,-0.037824795,-0.030295629,-0.024991602,-0.036064863,-0.0066644885,-0.023661446,0.03181655,0.0043746475,-0.04307528,-0.0016382895,-0.0057206117,-0.012384462,-0.043975253,-0.04400008,-0.061650924,-0.0066657895,-0.05007224,-0.018874602,-0.049012773,0.019356338,-0.017740145,-0.03477764,-0.003514015,-8.40649e-05,0.013362163,-0.015043528,0.038113803,-0.050272767,0.014248902,0.0073522157,-0.045564212,0.05692202,0.0031103576,-0.039249588,-0.025878536,-0.03978545,-0.045622855,-0.027973263,-0.055089172,-0.030740026,-0.021070907,-0.02289712,-0.05450494,-0.008838222,-0.014635951,-0.04558643,0.030093841,0.0068624923,0.11776519,-0.0251035,0.06695593,0.016767014,1.0000001,0.14885439,0.25500613,0.26276848,0.039277736,-0.0056474805,0.008786222,-0.0132110035,0.015723266,0.08371332,-0.0387836,-0.0080632605,-0.014864165,-0.04014534,0.013652597,-0.0252349,0.0040371814,0.014878058,-0.027025644,-0.0066088066,-0.037426237,-0.030512795,-0.021991666,-0.012225252,-0.011195039,0.0066646636,-0.054023873,-0.027721446,-0.005794571,-0.054138277,-0.01852953,-0.016273733,-0.052228115
-0.03470505,0.036055177,-0.021198984,-0.04177683,-0.00048390217,0.06596362,0.025378235,-0.04919055,-0.074966796,-0.030687097,-0.022438569,-0.027884226,-0.013992719,0.020123115,0.0054318174,-0.040456735,-0.026737217,-0.0461293,-0.015268079,-0.026491519,-0.045036778,-0.04696753,0.005450618,-0.047364257,-0.047096867,-0.014950171,-0.014365604,0.014578899,-0.034102548,-0.01750775,0.0094642425,-0.0070365756,0.012413276,-0.037512828,-0.0048014065,-0.03833441,-0.015370034,-0.0080201235,0.030507134,-0.024441743,-0.013821386,-0.02142274,-0.068004414,-0.050321266,-0.032206554,-0.011563172,0.002399118,-0.012241851,-0.010701521,-0.015683416,-0.018284343,-0.038052008,-0.012657665,-0.039512236,0.066357404,0.021642264,0.0007141321,-0.04872371,-0.02622471,-0.027020164,-0.01798795,0.012144189,-0.034224167,0.10292913,0.038809907,-0.059142753,0.09563056,-0.004879698,0.028051093,-0.022052241,0.0026578922,0.023360271,0.0011926931,0.0314834,-0.030528197,-0.00074290787,-0.05709103,0.020150727,0.024603087,0.045582432,0.06349144,0.115704164,0.037988838,0.0057026823,-0.0046630297,-0.026019458,-0.04063781,0.14885439,1.0000002,0.17954275,0.14538075,-0.0275621,-0.032298125,0.030676544,-0.0071946797,-0.068781644,0.03012017,-0.022354469,-0.024959471,-0.028641539,0.018610055,-0.018454995,-0.013134966,-0.04258786,0.027793478,0.00019347749,0.015706738,-0.009148206,0.015417927,-0.016142257,-0.015464072,0.0039187595,0.03320541,0.010119238,0.01525972,0.0075066886,-0.07455719,-0.030998375,-0.0041925022,-0.019187052
-0.052977215,-0.010282003,-0.03833049,-0.022469409,-0.004984206,-0.020580783,-0.011209763,0.017536663,-0.012937469,-0.02756302,0.040628925,0.04838656,-0.0071949814,0.058389895,0.027853362,0.048626043,0.02573837,-0.014912875,-0.0078110015,-0.05068806,-0.0013224622,0.020959493,-0.015331544,-0.049087267,-0.04598105,-0.01440588,0.002013923,-0.018071976,0.01223826,0.027985906,-0.037706897,-0.011906774,-0.03626832,-0.015493697,-0.05517325,-0.025769904,-0.035367683,-0.038202308,-0.015611274,-0.020164233,0.00017587282,-0.058418684,-0.03681663,-0.041807868,-0.00280072,-0.0302029,-0.0045585837,-0.02456099,-0.013424788,-0.024871122,-0.018702284,-0.023668181,-0.033972785,-0.051433455,0.028616816,-0.0018618023,-0.024489019,-0.019146781,0.0067213033,-0.018104445,0.018337213,0.02063337,-0.02287396,0.045851547,-0.04720805,-0.046257593,0.03851234,-0.012068503,0.0002050125,-0.05846104,-0.02269573,-0.04630597,-0.013119187,-0.01919552,-0.014159325,-0.03741863,0.09962266,-0.010400996,-0.018791566,0.021986673,0.01727685,0.060977656,-0.015163803,0.12779994,0.01170094,0.0555801,0.07101965,0.25500613,0.17954275,1.0000001,0.22437832,-0.0084418915,-0.030265776,0.010683309,-0.004695469,0.028022163,0.00898323,-0.013579413,-0.029820845,-0.047532987,-0.0394309,0.07279847,-0.025424043,-0.03560251,-0.019617938,-0.022317866,-0.026374202,-0.012170801,-0.012626779,-0.050486695,0.011863596,0.014854044,0.057341266,-0.014477299,-0.017703474,-0.011146894,-0.019702762,-0.007555466,-0.022319315,0.0061763665
-0.022516765,-0.002620523,-0.050620276,-0.065683775,-0.024220282,0.0053424393,-0.0015861124,0.024517909,-0.022304576,-0.05235307,-7.245224e-05,0.083642244,-0.024837837,0.09419882,0.08677937,0.047389977,0.027535932,-0.017689088,-0.023358414,-0.0004396271,-0.027243992,-0.019307435,-0.041598037,-0.015791971,-0.02145126,-0.024718545,-0.014305686,-0.009662084,0.0010971767,0.04175206,0.016500957,-0.011778949,0.000113934744,-0.061756134,-0.0043802815,-0.018932117,-0.034115195,-0.01655327,0.010724104,0.0010039597,-0.0035841195,-0.027421884,-0.01293209,0.0077881627,0.006058271,-0.026396502,-0.020700503,-0.009302774,-0.009219261,-0.0012326314,-0.04215143,0.0033556058,-0.01848002,-0.07686777,0.01398127,0.014743293,-0.04385365,-0.0148001965,-0.018700935,0.014278219,-0.02246162,0.0008496917,-0.06256388,0.057040002,-0.0377348,-0.05939966,0.012444403,-0.045438703,-0.061987847,-0.043027155,-0.028579146,-0.0360928,-0.04733403,-0.020228665,-0.0021995436,-0.014364679,0.0718705,-0.0009581656,0.0036677644,0.0012368807,0.0047551235,0.0035473988,-0.01810563,0.030009843,-0.022623634,0.048125047,0.043712907,0.26276848,0.14538075,0.22437832,1.0,-0.01256087,-0.029745368,0.0058099004,-0.03137222,0.028150657,0.023537705,0.0025529414,0.011870358,0.0140222525,-0.04039042,0.04022615,-0.011971258,-0.023406733,-0.015395552,-0.01277754,0.013521645,-0.056586087,-0.017094411,-0.025390992,-0.002695642,0.00057994295,0.04509638,-0.05586546,-0.030716455,-0.02939891,-0.05180449,0.0137554845,0.024500519,0.03009666
-0.026287781,-0.015580707,-0.009818997,0.032025192,0.021019146,-0.02104631,0.018818378,-0.01725355,0.15237807,-0.023561856,-0.0054204287,0.003363227,-0.017896758,-0.025733385,-0.02727285,0.059667513,0.028646827,0.06313632,0.012985444,-0.017973704,0.05400491,0.046936132,-0.014169512,-0.03948498,-0.09230828,-0.028895449,-0.02212622,0.011550883,0.10955223,0.15893692,-0.014065122,0.00050060474,0.008928656,-0.027802669,9.9067576e-05,-0.080277786,-0.00649686,-0.057322115,-0.050370533,0.03773357,-0.032522067,-0.016233737,-0.056051437,-0.010849031,0.12619099,-0.039270025,-0.011596663,-0.0017663641,-0.037196267,-0.015784627,-0.03009471,-0.028562127,-0.010817928,0.012433116,-0.049084865,-0.014415556,-0.023988001,-0.014566947,0.0012017416,-0.0032809663,0.056004226,-0.0083044255,-0.045834936,-0.052947912,0.0049976325,0.019771628,-0.007155228,0.0012067165,-0.05315773,-0.022942403,0.0037816735,-0.03573432,-0.019219369,-0.07639869,0.061295804,-0.013401367,-0.062249012,-0.036557745,-0.050268926,-0.009386791,-0.032334786,-0.007713522,-0.03566872,-0.009543231,-0.03872582,-0.004123578,0.047485515,0.039277736,-0.0275621,-0.0084418915,-0.01256087,1.0,0.1655918,-0.05215004,0.111733586,0.09999002,0.07540039,-0.037255052,-0.030869085,-0.014936138,0.020032551,0.031042876,0.08211166,0.020618668,-0.053046793,-0.023907963,-0.018038053,0.02044025,-0.007548391,-0.00614487,0.080552466,-0.051485036,-0.0010922498,-0.0077978475,-0.037535843,-0.039264068,0.034062035,-0.04062549,0.030657267,0.01573217
-0.032579668,-0.030746257,-0.029421054,0.0048293974,-0.025725989,-0.046213266,-0.053379882,-0.078172386,0.12654442,-0.0007153754,-0.026169667,-0.018803202,0.1142717,-0.022869308,-0.019527406,0.011217425,-0.012546937,0.048156194,-0.013610216,-0.031381488,-0.038483012,0.022718871,-0.0002536911,0.02756483,-0.042657968,-0.008982992,-0.039394654,0.036121257,0.10361544,0.0992254,-0.021367092,0.012073963,-0.004737605,-0.00020243786,-0.06314283,-0.0042964364,-0.019118749,-0.070310354,-0.06260266,-0.03377545,-0.023143312,0.011048699,-0.049653903,0.025229432,0.024086623,-0.019543316,0.009168975,-0.024448613,-0.060419947,-0.0045508025,-0.018165942,-0.0010828776,-0.04371329,0.013062873,-0.06803965,-0.0190281,-0.0014473302,0.024444083,0.04332911,0.008722488,0.05243806,-0.017704569,-0.001249671,-0.045792297,-0.03600786,0.016538883,-0.040488522,-0.030707266,-0.059377305,0.040436186,-0.0203195,-0.021466121,-0.04097327,-0.047539245,0.055463172,-0.031775318,-0.04753419,-0.049124904,-0.042959515,-0.02179788,-0.071267135,-0.0508239,-0.023145538,-0.017755128,-0.014486752,-0.0242013,-0.0021291166,-0.0056474805,-0.032298125,-0.030265776,-0.029745368,0.1655918,1.0,0.01006629,0.08335836,0.10537631,0.042467885,-0.00052469864,-0.02921024,-0.018646875,-0.008794537,-0.026286278,0.15724239,0.094353236,0.021562338,-0.0075414996,-0.034333654,-0.02488542,0.024577975,-0.0021439814,0.03819751,-0.041122407,-0.044136673,-0.073231734,-0.062131718,-0.04111039,0.0022778637,-0.021581784,0.0013416805,0.00013609533
-0.037720233,0.0048549757,0.02423911,0.022573374,-0.033538118,-0.041327856,-0.011091239,-0.034630515,-0.039880145,0.05324224,-0.07089368,-0.028443897,0.033715315,-0.00083093473,0.0493001,-0.058505904,-0.059892237,-0.042225473,-0.039069496,0.0021289168,-0.057235677,-0.037527572,-0.045572907,0.053821035,0.039245643,0.0035603985,0.008532681,-0.069595344,-0.018877452,-0.015039065,-0.03965699,-0.03320533,-0.0465862,-0.044793468,-0.047927257,0.008108719,-0.07033231,-0.009039154,-0.030825581,0.01414162,-0.014549002,-0.02210041,-0.018205747,-0.0057063214,-0.026930578,-0.005147932,0.019753397,-0.008311335,-0.022559315,0.025145803,-0.033804838,-0.024207098,-0.06687669,-0.021233391,0.07327709,-0.009182125,0.03761284,0.028045487,0.001379194,-0.056423623,-0.064016014,-0.030229926,-0.0056965384,0.071438886,-0.02597344,-0.009204985,-0.023550589,-0.042158496,0.030950604,0.013814843,0.0059951907,0.060366157,0.0195491,0.03447097,-0.0007038405,0.011920188,0.057984505,0.023496578,0.035812967,-0.019099642,0.02834932,0.009414336,0.037713893,0.10889053,0.03211656,-0.024629958,-0.00914133,0.008786222,0.030676544,0.010683309,0.0058099004,-0.05215004,0.01006629,0.99999994,-0.01916571,-0.03538685,0.040873624,0.04428056,0.051255513,-0.0018678801,0.027166659,-0.032166697,-0.033631764,0.115223676,0.2015952,0.06357842,0.053525336,0.012551965,0.14042655,0.012489278,-0.01808833,-0.02452986,-0.047384888,-0.011256693,-0.011957351,0.009752522,-0.05914882,0.017461265,0.008152023,-0.007988567
0.099329494,-0.027737362,-0.003489127,0.028972192,-0.009048859,-0.008266429,-0.0069122356,0.09393603,-0.015038076,-0.04583955,0.023037333,0.017300524,-0.04228543,-0.024682263,-0.061741512,-0.024538323,-0.057779156,-0.043663584,-0.05090802,-0.05931452,-0.00061945664,-0.03220234,0.011568557,0.010402314,-0.061469924,-0.02024496,-0.03245746,-0.0074380385,0.10026993,0.07349973,-0.030669736,0.018627793,-0.00890787,-0.026830547,-0.025044877,-0.004941697,-0.0024617868,-0.038872615,-0.03185545,-0.033015735,-0.06608969,0.0008689176,-0.0005790689,-0.03910458,0.20296043,-0.030688357,-0.037496585,-0.0115575725,0.013556386,-0.029108448,-0.023274757,-0.010496976,0.0024067638,0.04871302,-0.07078509,-0.027355015,-0.00804072,0.02488126,-0.022794833,0.010414017,-0.013439217,-0.010138307,-0.014927667,-0.04092179,-0.03938503,0.011421276,-0.050962824,-0.025049847,-0.0032852525,-0.03834888,-0.015154837,-0.024713274,0.05965098,-0.018409505,0.048889656,-0.04658845,0.014543593,-0.021062357,-0.018210366,-0.019710358,-0.0396267,-0.016894026,-0.0036687455,0.0053139823,-0.01813613,0.00877655,0.037592836,-0.0132110035,-0.0071946797,-0.004695469,-0.03137222,0.111733586,0.08335836,-0.01916571,1.0,0.018072732,0.032509316,0.027337033,-0.0464072,0.02774375,0.04004883,0.045049533,0.12506679,-0.05875901,-0.031195078,-0.039110236,0.0010730026,-0.030074842,-0.025702484,-0.0029378568,0.0551968,0.056608893,0.06880452,-0.008412754,-0.02415108,-0.013804979,0.03426598,0.03659725,-0.03791159,0.01648759
-0.028876811,-0.032018118,-0.03632012,-0.024866048,-0.055667646,-0.02407716,-0.047585547,-0.004920437,0.08711583,0.029364388,-0.011945965,-0.05195427,0.06573776,0.02387151,0.06356481,0.04403262,0.02850835,0.053308874,0.023545813,0.026612118,0.10840141,0.14047056,0.0317304,-0.02902773,-0.035006694,0.05696778,0.021359809,0.12589225,0.07513416,0.14688583,-0.017145766,-0.06953859,0.044494268,-0.028416362,-0.08219045,-0.04722104,-0.061473332,-0.0066352943,-0.057811417,-0.0253943,-0.064994715,-0.028265785,-0.058321755,-0.05864614,-0.0070720445,-0.01015052,0.06918507,0.022247,-0.025171937,-0.034959063,0.008160328,-0.040453203,-0.0386296,-0.042845722,0.024477443,0.035477955,-0.044547945,0.080798544,0.003201182,0.05745508,0.018347157,0.036619384,-0.050455265,0.009452226,-0.044048537,0.008294266,-0.019140178,-0.0666305,-0.015018584,-0.010918039,0.01522794,-0.055062544,-0.055989075,0.012297075,0.023967305,-0.0115456,-0.001666458,-0.02637704,-0.04602716,-0.058629863,-0.04334464,-0.027290734,-0.011453882,0.0052060336,-0.02739992,0.10233874,-0.014639825,0.015723266,-0.068781644,0.028022163,0.028150657,0.09999002,0.10537631,-0.03538685,0.018072732,1.0000001,0.038791485,0.009709074,-0.03450623,0.009671126,-0.032596957,0.01367328,-0.010735391,-0.047976412,-0.025204264,-0.026688546,-0.024869572,-0.04838756,-0.07519668,-0.047255777,-0.036158178,-0.0616625,-0.05828277,-0.026760206,-0.051208112,0.025111021,0.088379,-0.0019159494,-0.029396486,0.027135668
-0.028580155,0.007564185,0.0036930903,-0.017230071,0.011320062,0.060633518,0.048155367,-0.037284646,-0.010712175,0.004016887,0.008333073,0.07398704,-0.008925786,0.016407812,-0.071096346,0.06438337,0.06411585,-0.027006153,0.012416661,-0.006335959,-0.028420446,0.030322487,-0.008214326,0.025367241,-0.02759943,-0.0051089707,-0.042560734,-0.002684855,0.004479196,0.054140102,-0.02254541,0.0096213585,-0.031468455,-0.032914784,-0.043772504,-0.042016093,0.0026823124,0.011059053,-0.03240956,0.009952353,-0.039699335,-0.047270663,-0.07886814,-0.011019463,-0.009779626,-0.07868306,-0.063369125,-0.09407634,-0.03864058,0.00874887,-0.02646787,0.0011261897,-0.043337066,0.024352524,-0.021873232,-0.07650126,0.0030700788,0.025858115,0.01915503,0.01864156,-0.08552757,0.03747359,-0.023340292,0.009345508,0.03308199,0.06536353,0.08447933,0.0701071,0.027016724,0.040175002,-0.07431179,0.06230889,-0.05082728,-0.05186938,0.0019654897,-0.046545003,-0.031046692,-0.035659574,-0.0016474341,0.03339491,0.050815165,0.047348965,-0.026268324,0.024062369,-0.0145210195,-0.059788607,-0.06868924,0.08371332,0.03012017,0.00898323,0.023537705,0.07540039,0.042467885,0.040873624,0.032509316,0.038791485,1.0000002,0.058949575,0.04053379,0.042453837,-0.08389925,0.021676147,0.014896534,0.10170764,0.047651477,0.092700124,-0.01648601,-0.04479633,-0.002791184,-0.026328936,-0.037170835,-0.0069511,0.056072835,-0.008756352,-0.015573787,-0.022155937,-0.03187879,-0.0028370002,0.050814964,-0.022844717
0.02515812,-0.014366518,-0.058575552,-0.0018958347,-0.02042288,-0.014283825,-0.033263393,-0.030755568,-0.020708589,-0.07085551,-0.008578725,0.013056813,-0.04666482,0.01678578,0.0006299685,-0.012952973,0.0040364526,-0.027706346,0.020338906,0.0038863132,-0.024574574,-0.0043107234,0.016278464,0.10625285,-0.018754562,0.036354568,0.010306131,-0.010257643,-0.031653766,-0.0215815,-0.052203916,-0.020601526,-0.04758022,-0.03882286,-0.056387335,-0.030014006,-0.0038732658,-0.009383029,-0.04791824,-0.039701797,0.001041466,-0.028509527,0.0008892054,-0.034292243,-0.0043625506,0.008436803,-0.015501808,-0.016658222,-0.023087174,-0.039344065,-0.06391597,-0.02579849,-0.04382166,-0.013577982,-0.034634758,-0.023505889,-0.0070512295,-0.018449143,0.006076688,-0.009475063,-0.04301241,-0.020154981,-0.057108812,-0.04785821,-0.011878861,-0.047003876,-0.03045342,-0.020516131,-0.044823565,-0.05771219,-0.027858349,0.032816112,0.02917531,0.0702104,0.01757,-0.02480241,0.06189072,-0.00877226,0.005655379,0.0024014711,0.049450614,0.012998167,-0.047767192,-0.03131175,0.056432005,-0.026053626,-0.0040870304,-0.0387836,-0.022354469,-0.013579413,0.0025529414,-0.037255052,-0.00052469864,0.04428056,0.027337033,0.009709074,0.058949575,1.0,0.23940939,0.28878406,-0.022256313,-0.02973538,0.0356891,-0.0104652215,0.026354492,0.07986375,0.09715067,0.014963638,0.05372106,0.04489641,-0.01920445,0.032381088,0.05242251,-0.023801826,-0.007531884,-0.0356811,0.029729072,0.09157014,0.040970948,-0.004998034
0.006321813,-0.01067151,-0.028468592,-0.0003227353,0.012108796,-0.018222338,-0.01468738,-0.011431653,0.011991909,-0.043633003,0.009826969,0.016870579,-0.01592365,0.0015172183,-0.0060895756,-0.02781707,-0.015464526,-0.024200272,0.014040355,0.055479094,-0.038389545,0.00060503837,-0.0516439,0.1414634,0.008945925,0.02252799,0.0013292345,-0.0003305236,-0.040008165,-0.05602687,-0.023062404,-0.011266128,-0.060944036,0.008632369,-0.029816404,-0.016039751,0.017383887,0.0037478234,-0.027038142,-0.027978066,-0.018089123,-0.027856315,-0.052390832,-0.059247386,-0.055557296,-0.009249794,-0.022906765,0.016194915,-0.05050311,0.006688007,-0.04131573,-0.022714239,0.010708456,0.004947366,-0.01033709,-0.024353834,-0.025600959,-0.011480224,0.039970987,-0.053202473,-0.02973732,-0.054036804,-0.024837084,-0.031457238,-0.031066068,-0.01042563,0.0060909865,-0.03038862,-0.064645305,-0.026571788,-0.01836896,0.055975094,-0.00899866,0.029949661,-0.013674588,-0.01928176,0.016721558,-0.040366307,0.037265707,0.03909009,0.0562737,0.04087396,-0.033908922,-0.033985578,0.044808153,-0.037486117,-0.000976073,-0.0080632605,-0.024959471,-0.029820845,0.011870358,-0.030869085,-0.02921024,0.051255513,-0.0464072,-0.03450623,0.04053379,0.23940939,1.0000001,0.23216832,-0.06607837,-0.013829572,0.0263453,0.01443018,0.024523223,0.064353436,0.086605534,0.03312711,0.021145644,0.09098855,0.01617077,-0.0064497064,0.016926209,-0.05328205,-0.036536857,-0.01220214,-0.052387815,0.033701926,0.016118763,-0.0027415333
0.001302518,-0.02498597,-0.012402307,-0.04446091,-0.044517037,0.001764351,-0.010219319,-0.013213541,-0.025218021,-0.043363243,-0.002423535,-0.0029539117,-0.028403595,-0.0328543,-0.037892062,-0.0040238826,0.031597883,-0.018920222,0.047490112,-0.02637872,-0.03836318,0.032040812,0.048170462,0.103703246,-0.042587426,0.023384009,-0.041203875,-0.0228034,-0.07009038,-0.028778147,0.00526317,-0.019430261,-0.012370646,0.004297982,-0.018016871,-0.025743043,-0.042071216,0.003969415,0.010319972,0.010337869,-0.03769041,-0.021624979,0.008662058,-0.03928484,0.010858525,0.007864436,-0.017164592,-0.029311577,-0.014212021,-0.006988644,-0.010722738,-0.001999063,0.026580878,-0.041407764,-0.057558175,-0.022698315,-0.038611934,-0.017762505,-0.012561365,-0.073040016,-0.030015822,-0.011366781,-0.04774632,-0.08272292,0.0240097,-0.039432988,-0.028666427,0.011542209,-0.05564186,-0.05329969,-0.043359425,0.08333205,0.01040508,0.012151333,0.019258156,-0.039012674,0.051540766,-0.03094273,0.016667793,-0.0048617315,0.025561959,0.0406631,-0.030332144,-0.012214772,0.05488929,-0.008187737,-0.03879619,-0.014864165,-0.028641539,-0.047532987,0.0140222525,-0.014936138,-0.018646875,-0.0018678801,0.02774375,0.009671126,0.042453837,0.28878406,0.23216832,0.99999994,-0.06189301,0.028137784,0.007748354,-0.029818602,-0.053955346,0.036757946,0.08813179,0.042665146,0.018169552,0.033446513,-0.046576012,0.071407296,0.0731477,-0.019893117,-0.054999277,-0.019635167,-0.02263436,0.04938538,0.04890439,-0.01048452
-0.014464067,0.044867985,0.0073521486,0.077498615,0.0836644,-0.002932964,0.027029216,-0.0427681,-0.035121825,0.007955985,-0.006993661,-0.080266334,-0.06070303,-0.03000642,-0.007883442,-0.07466331,-0.07602186,-0.0946368,-0.075582266,-0.011571165,-0.019732255,-0.017369209,-0.05990367,-0.021149226,-0.0041391896,-0.0068808086,0.05859402,-0.0410861,0.008295871,-0.05116483,-0.028429177,0.041536797,0.058921643,-0.008550426,0.08391389,0.01911531,0.055374227,-0.009059992,0.019030169,0.020516029,-0.043652367,0.13381834,0.02419179,0.0083030965,-0.011151894,0.09311482,0.10827651,0.07636785,0.06948215,0.042846937,0.023463532,0.023421004,0.02616869,0.06451224,0.041715,0.027066752,-0.06565969,-0.012713266,-0.037820503,-0.02751017,-0.05669555,0.011701356,-0.037707586,0.016856436,-0.041458063,-0.010943711,-0.04548833,-0.0040227138,-0.003984732,0.0010370229,0.01430156,-0.04445592,0.039175093,0.054026186,-0.015076984,0.05331979,-0.04129419,0.011861799,-0.022339271,-0.039863702,-0.023799064,-0.019150069,0.090091504,-0.03294433,-0.08432331,0.0032200685,-0.039556123,-0.04014534,0.018610055,-0.0394309,-0.04039042,0.020032551,-0.008794537,0.027166659,0.04004883,-0.032596957,-0.08389925,-0.022256313,-0.06607837,-0.06189301,0.99999994,0.0015786393,0.0348877,-0.053801622,0.025784694,-0.06201288,-0.025134042,0.010461986,-0.03024748,0.00082081696,0.09743101,-0.0114926845,-0.021870712,0.030208465,0.02616037,-0.023526948,-0.024729243,-0.034407116,0.0068968353,-0.009521385
0.05483905,-0.06038931,-0.045804568,-0.032741766,-0.049983438,0.022253484,0.0009466849,0.16134247,0.06791156,-0.010466943,0.043711755,0.07279721,-0.015971199,-0.030047834,-0.01383846,0.08322811,0.09029169,0.05359269,-0.03825275,-0.040466927,0.10502534,0.07642246,0.1490889,-0.022990473,-0.028382007,0.017519943,-0.050288305,-0.06656114,0.013886139,0.096182264,-0.010393567,-0.02186149,-0.015697392,0.019449923,-0.088040136,-0.0064455764,-0.0063132956,0.03041526,-0.022598196,-0.028979985,-0.062282316,-0.03997956,0.020774134,-0.063449584,0.057095915,-0.002074303,-0.059130132,-0.018201763,0.0025322177,-0.023541596,0.0041306904,-0.04899325,-0.022458741,-0.07171932,-0.065472275,-0.0417502,-0.018719919,-0.03949712,-0.053546898,-0.04197724,0.01572971,-0.051126003,0.01030282,-0.034557134,-0.0238483,-0.0516987,0.00842388,0.0030889232,-0.008956116,-0.04249198,-0.027216814,-0.07611798,0.03367736,-0.039284147,0.013597559,-0.0399874,0.0468197,-0.040630743,-0.0748706,0.04483959,-0.00016793329,0.024965119,-0.019087022,-0.016281849,0.0040643183,0.014151481,0.06971734,0.013652597,-0.018454995,0.07279847,0.04022615,0.031042876,-0.026286278,-0.032166697,0.045049533,0.01367328,0.021676147,-0.02973538,-0.013829572,0.028137784,0.0015786393,1.0,-0.04929354,-0.061203413,-0.081432045,-0.061993938,-0.021474415,-0.027776053,-0.0046255942,-0.030493483,-0.01810527,0.07781156,0.09830374,-0.034832034,-0.030069355,-0.019751377,0.025170881,0.13705018,0.032092493,-0.0037120741
0.040066898,0.012435117,-0.012055292,0.030887745,0.04890658,-0.029262515,-0.013094254,0.031265013,-0.0007373628,-0.059675757,-0.004743695,0.011251529,-0.016706739,-0.018168952,-0.016801324,0.024526987,-0.05406969,-0.012371083,-0.026024556,-0.0046948893,0.025345543,0.01815902,-0.045651574,0.09670893,-0.06827974,-0.029124603,-0.04651046,0.006876927,0.10936845,0.007207926,-0.03160181,0.029984524,0.0010625613,0.0042337,-0.021951325,-0.057884246,0.0153180715,-0.071314916,-0.050850496,-0.040451385,-0.04371857,0.033443596,0.010885434,-0.025701642,0.0923048,-0.0059955227,0.03149845,-0.0035450195,-0.040863145,-0.02865472,-0.020995708,0.0032386314,-0.025424467,0.010935507,-0.006960771,-0.010195426,-0.014745513,0.08361123,0.017603721,0.008461556,-0.014869232,-0.02238557,-0.053886324,-0.02798094,-0.030247597,-0.012206563,-0.009128742,-0.044604532,-0.042123485,-0.01504443,-0.02763297,0.012314189,0.010405103,-0.04084629,0.041052133,-0.05088542,-0.03195159,-0.004914512,-0.01797356,-0.052708406,-0.025562385,-0.06313018,-0.05618693,0.0099002505,-0.027401209,-0.029739486,-0.009381496,-0.0252349,-0.013134966,-0.025424043,-0.011971258,0.08211166,0.15724239,-0.033631764,0.12506679,-0.010735391,0.014896534,0.0356891,0.0263453,0.007748354,0.0348877,-0.04929354,1.0,-0.0033295695,0.001013583,0.005374099,-0.008018149,-0.028819451,-0.016156033,0.02936778,0.13741058,-0.018341184,-0.0006724568,-0.0045495625,-0.057989012,-0.041205626,0.005256082,-0.035584144,-0.012461241,0.012462981
-0.021362595,-0.011333533,-0.019446412,0.024234299,-0.049341895,-0.03592159,0.0002716668,-0.06867011,0.044668727,0.072518826,-0.016984282,-0.018525688,0.0428034,-0.02268688,0.0012157671,-0.03134961,-0.045686293,-0.020808507,0.031325318,0.06752386,-0.04842162,-0.019921536,-0.055956244,0.011433958,0.06629911,-0.0034531925,-0.0018678587,-0.029735968,-0.040547267,-0.03399006,-0.03134823,0.0033875909,-0.060567368,0.031082429,0.0015794784,0.024369694,-0.039527617,-0.08584096,-0.05072653,-0.036576573,0.002210077,0.019307502,-0.031454593,-0.001862571,-0.021902308,-0.034367584,-0.007931613,-0.04231438,-0.04540638,-0.018585162,-0.019813154,-0.01606501,-0.04948904,0.0028215456,0.042961895,-0.010401472,0.07113056,-0.020092111,0.042235445,0.007727344,-0.0019749468,0.0054565896,0.050406516,-0.00749809,-0.048433736,-0.0031060479,-0.020720389,-0.037799716,-0.018730704,0.03906645,0.0039347494,0.010833043,-0.044435967,0.022141762,0.07615289,0.020813439,-0.015071671,-0.023484757,-0.021815166,0.031066442,0.012714015,-0.012395277,0.014525041,0.013345496,0.10389634,-0.07808528,-0.06796353,0.0040371814,-0.04258786,-0.03560251,-0.023406733,0.020618668,0.094353236,0.115223676,-0.05875901,-0.047976412,0.10170764,-0.0104652215,0.01443018,-0.029818602,-0.053801622,-0.061203413,-0.0033295695,1.0,0.08681683,0.068814166,-0.03267294,0.03593377,0.040007573,0.030085444,0.046848934,-0.029538983,-0.015765041,-0.0179278,-0.040333044,-0.031464178,-0.052519392,0.021103427,0.00082524214,0.007574048
-0.026870396,-0.0024296697,0.036776144,0.020064967,-0.03373246,-0.044218007,-0.031346057,-0.06587052,-0.032935906,0.0823351,-0.039548878,-0.05023639,-0.016082816,-0.045866065,-0.016748857,-0.02219552,-0.045134064,-0.064539984,0.0037944345,0.048754074,-0.025659995,-0.04553956,-0.06227045,-0.044093397,0.006312214,-0.017270982,0.028115343,-0.035416458,0.012101499,-0.042682633,-0.039318368,-0.035906874,-0.02094867,-0.07236188,-0.0046156757,-0.025379697,-0.05551939,-0.02631502,-0.025893081,-0.0032839566,-0.035694785,-0.010750706,-0.039255116,-0.014533643,-0.026335847,-0.026160326,0.09691662,-0.028045002,0.027750894,0.04565776,-0.026193649,-0.046816934,-0.038788475,0.013452121,0.15140423,0.076731116,-0.0053356662,0.04316985,0.024291832,-0.045330945,-0.04546007,-0.02913999,0.024986666,0.06692756,0.0039758626,0.005088726,0.027882189,0.026723595,0.030168,0.054132994,0.06233496,0.027371975,0.06987373,0.10103834,-0.03942781,0.050815143,-0.024668138,0.029288597,0.024575552,-0.024891224,0.046496857,0.049023736,0.09239941,-0.009683106,-0.024246056,-0.07643993,-0.042753287,0.014878058,0.027793478,-0.019617938,-0.015395552,-0.053046793,0.021562338,0.2015952,-0.031195078,-0.025204264,0.047651477,0.026354492,0.024523223,-0.053955346,0.025784694,-0.081432045,0.001013583,0.08681683,0.9999999,0.05837991,0.025564246,0.006345857,0.062212046,-0.007883377,-0.029992273,-0.08572832,-0.036742482,0.030329637,0.042528957,0.055435084,-0.006965543,-0.019472765,-0.033299405,-0.006804894
-0.013204041,0.016733263,0.08629511,0.005030388,0.019960895,-0.0053484454,-0.005265062,-0.04723711,-0.048362736,-0.011008978,-0.016699258,0.021307988,-0.014434114,-0.06574483,-0.055894937,0.018866887,-0.023415491,-0.0022453116,0.10973443,0.04609508,-0.014875237,0.011380499,-0.016876193,-0.009211103,-0.020827945,0.052217007,-0.029834671,-0.019050911,-0.034652043,-0.0020837544,0.020685297,-0.026567597,-0.08414677,-0.010875852,-0.0129300235,0.0014649061,-0.035912976,-0.011276594,-0.04330066,0.064261824,-0.055887897,0.010873377,-0.064325035,0.04361236,-0.060478836,-0.022161372,-0.023099883,-0.050675504,-0.04906264,0.0019771457,-0.056425616,0.011925532,0.043285377,-0.0071172765,0.017428389,-0.059414208,0.084747136,0.054777376,-0.0026833923,-0.050362885,-0.05202913,0.025229907,-0.044050142,-0.010907534,-0.011517599,0.112588465,-0.0034264075,0.020458356,0.011072182,-0.009869637,-0.04194346,0.21950072,-0.037306443,-0.023817683,-0.045665395,-0.017516647,-0.037619315,0.04011317,0.05665297,-0.028026601,0.049504023,0.05029417,-0.049547464,-0.037469633,-0.009147058,-0.048772715,-0.08334746,-0.027025644,0.00019347749,-0.022317866,-0.01277754,-0.023907963,-0.0075414996,0.06357842,-0.039110236,-0.026688546,0.092700124,0.07986375,0.064353436,0.036757946,-0.06201288,-0.061993938,0.005374099,0.068814166,0.05837991,0.9999998,0.17257237,0.07834102,0.023370892,0.041603204,-0.08058011,-0.0036851028,-0.024700461,0.022719122,0.0055676172,-0.014499603,-0.019235527,-0.024694555,-0.018252153,-0.019431772
-0.017605504,-0.0093095135,0.0704268,-0.016381288,-0.028446294,-0.012994712,0.036898777,-0.038315833,-0.030353442,-0.012142723,-0.030043377,-0.005888967,-0.050214484,-0.06537559,-0.059657313,-0.013324824,-0.017731287,-0.012949313,0.06087997,0.023571372,-0.056464337,-0.044052046,0.0036464476,0.06262073,-0.031422194,-0.022475805,0.0022459254,-0.043684956,-0.020394642,-0.045517113,0.04810977,-0.035070505,-0.03777717,-0.053527318,-0.0105365915,0.032160792,0.003984119,-0.006113844,-0.027660504,0.0052139596,-0.027649352,0.022588164,-0.014876435,-0.0034123128,-0.035185393,-0.029827952,-0.03938716,-0.041392956,-0.03472781,-0.019835137,-0.022975426,-0.039157607,0.1152465,0.012015366,-0.010762706,-0.028993644,0.016828293,-0.030419054,-0.049796686,-0.015600216,-0.016155915,0.033950847,-0.012600212,-0.02698576,0.010116804,-0.00973261,-0.009105386,-0.021849072,-0.0446419,-0.032868084,-0.02024753,0.1329041,0.015882326,0.06616208,-0.06194331,-0.011589605,-0.04017925,0.028432235,0.013038095,0.061890863,0.034820907,0.025562964,-0.0118926065,-0.06341102,-0.018811293,-0.051124208,-0.050735056,-0.0066088066,0.015706738,-0.026374202,0.013521645,-0.018038053,-0.034333654,0.053525336,0.0010730026,-0.024869572,-0.01648601,0.09715067,0.086605534,0.08813179,-0.025134042,-0.021474415,-0.008018149,-0.03267294,0.025564246,0.17257237,0.99999994,0.12019429,0.116159804,0.08369378,-0.021788988,0.008438022,-0.025851147,0.030521113,0.01860027,0.06494819,-0.019583868,-0.0041979523,0.003288812,-0.0113296155
0.0687975,0.06825986,0.070978045,0.08764867,0.0405225,-0.011680018,0.13567103,0.005350053,-0.040676042,-0.024332816,-0.033443592,-0.05020833,-0.04206276,-0.05636687,-0.055053063,-0.044948265,-0.04671813,-0.04334901,0.033210237,-0.04182604,-0.031393133,-0.030479636,-0.054777786,-0.01938156,-0.056608494,0.013332341,-0.052785553,-0.028357312,-0.04236862,-0.050808802,0.0143365655,0.003672754,-0.069758005,-0.034919944,-0.020073151,0.06546583,0.036902662,-0.026454616,-0.028128585,-0.03697932,-0.0053740754,0.04368694,-0.010003976,-0.0025655916,-0.0361186,-0.021231849,-0.053729516,-0.04599962,-0.047664642,-0.00011772127,-0.027769648,-0.036856476,0.03703372,0.027555466,-0.014920456,-0.038955133,0.025725156,-0.016120942,-0.043440726,-0.029071836,-0.049265623,-0.01228958,-0.038011987,-0.012859899,-0.013648877,-0.005422176,-0.0013193159,-0.026867233,-0.027038895,-0.008972364,-0.040154804,0.03442241,0.0446433,0.016290966,-0.02913569,-0.020215744,0.015884764,0.01378303,-0.00044162897,0.0920793,-0.0020066146,0.0021979772,-0.048302397,-0.02036602,0.0062207123,-0.04417701,0.05343243,-0.037426237,-0.009148206,-0.012170801,-0.056586087,0.02044025,-0.02488542,0.012551965,-0.030074842,-0.04838756,-0.04479633,0.014963638,0.03312711,0.042665146,0.010461986,-0.027776053,-0.028819451,0.03593377,0.006345857,0.07834102,0.12019429,1.0,0.13300113,0.1398602,0.0012269439,0.11106655,-0.011988973,0.050934955,-0.0024775264,0.009888731,-0.009361522,0.011514664,0.045468703,0.009163095
-0.04843471,-0.03182508,0.005171517,0.06884004,-0.03645509,-0.012359634,0.015647095,-0.05087753,-0.037440877,-0.019070404,-0.045718253,-0.016516652,-0.044951104,-0.052331038,-0.048438214,-0.050280467,-0.035645362,-0.038031522,-0.010475962,0.013990728,-0.048978515,-0.03612348,-0.00074434234,0.025369368,0.0044244095,-0.028062088,0.003262684,-0.025254957,-0.0050297994,-0.024424732,0.011296515,-0.0029920917,-0.013885863,-0.0014603818,0.0084241945,0.045979723,-0.019285392,-0.011965957,0.013083307,-0.042257547,0.02453404,0.03591507,0.005657444,-0.019059395,-0.005289939,-0.022804238,-0.027048498,-0.0070968177,-0.0050693313,-0.0649347,-0.03599355,-0.005602271,-0.03468352,-0.019091984,-0.010531177,-0.042142484,0.06837111,-0.019005826,-0.0063881297,-0.038629454,-0.068378724,-0.0617155,-0.0095778,-0.030977502,-0.03535105,-0.028733794,-0.02684244,-0.03294248,0.009328656,0.009089708,-0.012368568,-0.007288159,0.03726788,0.041420918,0.03673131,0.033711385,-0.016017178,0.0052261073,-0.033255488,0.019888397,0.04401252,-0.0363103,0.038055107,0.00739138,0.000355307,-0.0914881,-0.036597878,-0.030512795,0.015417927,-0.012626779,-0.017094411,-0.007548391,0.024577975,0.14042655,-0.025702484,-0.07519668,-0.002791184,0.05372106,0.021145644,0.018169552,-0.03024748,-0.0046255942,-0.016156033,0.040007573,0.062212046,0.023370892,0.116159804,0.13300113,1.0,0.11281338,0.008976075,-0.005686382,-0.041115012,0.0054953005,0.016531056,0.013520994,-0.029057266,0.02095996,0.04046166,-0.01663148
0.010035584,0.03521678,0.0009278627,0.07556577,0.037004665,-0.03618172,-0.001027605,-0.041186366,-0.02342977,-0.021997865,-0.03958583,-0.025245352,-0.012198908,-0.065447494,-0.048875615,-0.030247193,-0.015806124,-0.04598853,0.011104968,0.012943037,-0.033913366,-0.009852394,-0.026500244,0.15920472,0.010684999,-0.03362826,-0.022681925,-0.039115224,-0.033483557,-0.030096594,0.010887917,0.011533825,-0.0058039203,-0.029880174,-0.010442993,-0.00467453,-0.03612299,0.02312951,-0.0062112184,-0.030411132,0.016817361,0.07068995,-0.0022201007,-0.0060851187,-0.026173353,0.029587874,-0.039506126,0.027151017,-0.0032802685,-0.0061875246,-0.024052314,-0.036337957,0.03346911,0.017431138,-0.0281419,-0.063813806,0.015626222,-0.03009132,-0.02453348,-0.017666625,-0.03990725,-0.035053853,-0.04377037,-0.043249957,0.002271359,-0.026016282,0.0026221112,-0.001547442,-0.044118,0.005627134,-0.009231557,0.026420735,0.04088477,0.05984775,0.026843749,-0.025656115,-0.047552105,0.020228341,0.017963834,0.064543374,0.0057470105,0.020959489,0.022377938,-0.038974926,0.050656628,-0.049415804,-0.010941881,-0.021991666,-0.016142257,-0.050486695,-0.025390992,-0.00614487,-0.0021439814,0.012489278,-0.0029378568,-0.047255777,-0.026328936,0.04489641,0.09098855,0.033446513,0.00082081696,-0.030493483,0.02936778,0.030085444,-0.007883377,0.041603204,0.08369378,0.1398602,0.11281338,1.0000001,0.009191858,-0.010383738,-0.01393628,0.018861605,0.02164614,0.00035733962,-0.019660262,0.0056098443,-0.0011717889,0.0023223807
0.07080735,0.03325912,-0.06900975,0.12092635,0.036155283,-0.0060753226,-0.010933764,0.037104335,0.035957847,-0.052842177,-0.028407058,-0.013671258,0.013936497,0.012812343,0.020705784,-0.0024253773,-0.016424706,-0.004668878,-0.07462414,-0.044899937,0.02126962,-0.025400043,-0.018426947,0.06471503,-0.023478622,-0.012153175,0.0045197136,-0.058850218,0.06699226,0.0022668769,-0.01990804,0.08960029,-0.015619015,0.044715613,0.03332348,0.0036143619,0.004069268,-0.021195915,-0.0021534238,-0.059301637,0.010423926,-0.010071235,-0.015379715,-0.054916732,0.015864715,-0.008172,-0.022558382,-0.0014801435,-0.034635864,-0.06168423,-0.0066171503,-0.003118745,-0.020542523,-4.2540953e-05,-0.014895132,-0.033880964,-0.05443985,-0.02059647,0.0108658895,0.00053851935,0.037244182,-0.022828005,-0.017102897,-0.023102349,-0.023818206,-0.016278725,-0.045840744,-0.047945,-0.049731597,0.018708173,-0.0622545,-0.071228094,-0.016669031,-0.024667554,0.10969607,-0.026324218,0.028099252,-0.012512818,-0.019226968,-0.014872862,-0.03781275,-0.036370326,-0.06620522,0.06805593,0.0053661577,-0.00016774237,0.07997553,-0.012225252,-0.015464072,0.011863596,-0.002695642,0.080552466,0.03819751,-0.01808833,0.0551968,-0.036158178,-0.037170835,-0.01920445,0.01617077,-0.046576012,0.09743101,-0.01810527,0.13741058,0.046848934,-0.029992273,-0.08058011,-0.021788988,0.0012269439,0.008976075,0.009191858,1.0,-0.008738256,0.0014968994,-0.047154628,-0.027838446,-0.07417399,-0.019510336,-0.0045236894,0.010472625,-0.0025581224
0.09684123,-0.014192818,-0.04612251,0.020609418,-0.02061489,0.012605913,0.08399777,0.051714115,-0.0364982,-0.075977206,0.007928654,0.07875368,0.008387078,-0.007609403,-0.0373934,0.005855241,0.020317253,-0.0018257807,0.0071204146,-0.07859455,-0.006335566,-0.04746516,0.004416718,-0.028456451,-0.027308166,0.016824823,-0.043542154,-0.059803482,-0.05587033,-0.016604468,-0.014207873,-0.021092478,-0.058049217,-0.017270833,-0.037664432,0.045111336,-0.043832097,-0.06063083,-0.058001794,-0.0075874347,-0.01855699,-0.015594193,0.033052966,-0.002134549,-0.028717186,-0.062823005,-0.051480815,-0.057451546,-0.03947439,-0.015736142,0.030498914,-0.002834258,0.0104388995,-0.040313907,-0.036728323,-0.046806406,0.0060253995,-0.0099129025,-0.07051131,-0.0429547,-0.056328062,-0.02935481,-0.042878695,-0.019927545,-0.03357431,0.011191949,-0.016198028,0.00676772,0.032941528,-0.029110566,-0.01196401,-0.03110372,0.03812398,0.0062989937,0.021696955,-0.031694494,0.090546794,-0.04639415,-0.013507489,0.10251172,0.07115337,0.06896912,-0.008438665,-0.0118427025,0.032755915,-0.036435585,0.020560939,-0.011195039,0.0039187595,0.014854044,0.00057994295,-0.051485036,-0.041122407,-0.02452986,0.056608893,-0.0616625,-0.0069511,0.032381088,-0.0064497064,0.071407296,-0.0114926845,0.07781156,-0.018341184,-0.029538983,-0.08572832,-0.0036851028,0.008438022,0.11106655,-0.005686382,-0.010383738,-0.008738256,1.0000002,0.22189842,-0.00794054,-0.0036604397,-0.05376976,-0.026678246,0.11278564,0.051038478,0.035936393
0.0676085,0.005491807,-0.053149592,-0.0385271,-0.014246173,0.0061302707,0.05791848,0.099202685,-0.052342586,-0.05073258,0.033088088,0.08482262,-0.056082796,0.015097048,-0.062055428,0.0067468537,-0.015175298,-0.019386398,0.023490643,0.0017937003,0.03228433,0.021595486,0.0325695,-0.0016802946,-0.054735117,-0.03875838,-0.005053284,-0.04884998,-0.009006146,0.007181389,-0.059087824,-0.029359948,-0.027879352,-0.05876591,-0.056409568,-0.03261088,-0.026208023,-0.0009265533,-0.0082131885,-0.024455242,-0.028491028,-0.0063870274,0.0020783218,-0.015659008,0.055729166,-0.0025669555,-0.043271594,-0.037156902,0.024356052,-0.02500021,0.014421668,-0.036816545,-0.009738957,-0.056545302,-0.04231313,-0.015834635,-0.041843705,0.018950298,-0.0016482389,-0.016681869,-0.027431065,-0.0060250508,-0.041587643,-0.051063128,-0.016385892,-0.008747121,0.039868727,-0.03980068,-0.016485624,-0.024612043,-0.04199168,0.004032185,0.04586001,-0.0030696727,0.043815777,-0.015834887,0.111567155,-0.00076653855,0.004039515,0.043226704,0.08739531,0.14255987,-0.0549184,-0.016370544,0.045940317,-0.04199682,-0.004484295,0.0066646636,0.03320541,0.057341266,0.04509638,-0.0010922498,-0.044136673,-0.047384888,0.06880452,-0.05828277,0.056072835,0.05242251,0.016926209,0.0731477,-0.021870712,0.09830374,-0.0006724568,-0.015765041,-0.036742482,-0.024700461,-0.025851147,-0.011988973,-0.041115012,-0.01393628,0.0014968994,0.22189842,0.99999994,-0.025182325,-0.06010436,-0.057416584,0.00033168634,0.05019305,0.036405813,0.03656024
0.0306051,0.044354,0.15010494,0.057474576,0.04441552,0.078119226,0.01470431,-0.027908456,-0.04901595,0.0078023174,-0.03178785,-0.03474211,-0.07065126,0.0020203902,-0.034918148,-0.05359948,-0.04179942,-0.055254415,-0.042961877,-0.02704038,-0.011280166,-0.043155037,-0.06593237,0.016469736,-0.017892847,-0.03182604,-0.032678146,-0.020529987,-0.06329819,-0.05255592,0.083035596,0.009391,0.03488187,-0.017053828,0.010809727,-0.020700641,0.060186066,0.016898505,0.064485125,-0.0104336655,0.05420951,0.002885609,-0.020215716,0.092933476,-0.027773958,0.031526573,-0.03129714,-0.029126262,-0.009774412,0.024361873,0.0055353586,0.037820637,0.005855735,0.07130346,-0.026178118,0.049503814,0.01994127,0.009173183,-0.022377178,-0.036076635,-0.02039864,0.0070229713,-0.0033411346,-0.02977419,0.018862411,0.025296638,-0.0073154797,-0.005687253,0.068891935,0.008326509,0.10147554,0.026256986,-0.008629989,-0.031214913,-0.05563654,-0.0552569,-0.04269119,0.016887728,-0.00577836,-0.01705676,-0.022657324,-0.008816142,0.0061985403,0.016134055,-0.04359473,-0.036467712,0.008594398,-0.054023873,0.010119238,-0.014477299,-0.05586546,-0.0077978475,-0.073231734,-0.011256693,-0.008412754,-0.026760206,-0.008756352,-0.023801826,-0.05328205,-0.019893117,0.030208465,-0.034832034,-0.0045495625,-0.0179278,0.030329637,0.022719122,0.030521113,0.050934955,0.0054953005,0.018861605,-0.047154628,-0.00794054,-0.025182325,0.9999999,0.28908914,0.1954644,-0.06783007,-0.055329517,-0.044595852,-0.022061564
-0.020952294,-0.0101690795,0.1247521,-0.01376576,0.017730536,0.011878299,0.0020901675,-0.028679935,-0.029365007,0.00615717,-0.034431014,-0.026253946,-0.06710536,-0.011762785,-0.046030734,-0.06856353,-0.039778996,-0.04631896,-0.0023377924,-0.02258762,-0.0362631,-0.012532598,-0.045172248,-0.027075205,0.014019569,0.0042134775,-0.0069733667,-0.02396102,-0.008812548,-0.037071347,0.102210335,-0.008378778,0.06399588,-0.009990247,0.019400949,-0.014772808,0.028658124,0.010468333,0.056800555,-0.015914794,0.051901996,-0.0013796967,0.0139470445,0.038856737,-0.011558266,0.03118279,-0.0033876456,-0.018391263,-0.03758689,0.02830813,-0.007184823,0.030239742,0.007286072,0.04288995,-0.017174391,0.08033037,-0.0032600926,-0.0396367,0.007583891,0.016880518,-0.025823288,-0.01151603,-0.018278973,0.028805492,-0.008098053,0.020204524,0.0068022273,0.027307665,0.062098008,0.016395263,0.09528739,0.0012628697,-0.018638194,-0.044115376,-0.056728393,-0.022672374,-0.055195276,0.008376638,-0.0011180118,0.015182796,-0.013949809,-0.017182274,0.03911213,-0.030643784,-0.0764859,-0.028143294,-0.021634785,-0.027721446,0.01525972,-0.017703474,-0.030716455,-0.037535843,-0.062131718,-0.011957351,-0.02415108,-0.051208112,-0.015573787,-0.007531884,-0.036536857,-0.054999277,0.02616037,-0.030069355,-0.057989012,-0.040333044,0.042528957,0.0055676172,0.01860027,-0.0024775264,0.016531056,0.02164614,-0.027838446,-0.0036604397,-0.06010436,0.28908914,1.0000001,0.21438643,-0.029898336,-0.05194934,-0.055949233,-0.01743956
-0.03474487,-0.03026836,0.050141096,-0.033312246,-0.029371034,-0.01029768,-0.020444777,-0.06055212,-0.0191489,0.046940103,0.021415278,-0.03883937,-0.004701795,0.018291056,-0.01312571,-0.033168003,-0.050031025,-0.057793796,0.028383113,0.012008654,-0.010585848,0.0022878875,-0.0047764475,0.0006838278,-0.023303598,0.010407694,0.036378544,0.0003697388,-0.047349233,-0.02567291,0.15028712,-0.040452704,0.07804996,-0.033826508,-0.057633244,-0.065192625,0.0072626253,-0.015790919,0.010448454,-0.015550373,0.015183081,-0.042838614,-0.054903395,0.022631194,-0.04806911,-0.032449726,0.028083064,-0.013236576,-0.006082968,-0.046608627,-0.0503565,-0.026231645,-0.045289148,-0.01578886,-0.005270915,0.0875255,-0.025614608,-0.01169399,0.027025819,-0.0023037866,-0.016581966,0.041338924,0.019180067,0.034930997,-0.029868104,-0.021220177,0.01123316,-0.009719152,0.017065085,0.01922862,0.19599734,0.06518337,-0.023029974,0.020176128,-0.012668021,-0.034278955,-0.04297588,0.04751027,0.029434307,-0.010099933,-0.038200993,-0.02689198,0.057765827,-0.060901508,-0.051983625,-0.00086395815,0.01806617,-0.005794571,0.0075066886,-0.011146894,-0.02939891,-0.039264068,-0.04111039,0.009752522,-0.013804979,0.025111021,-0.022155937,-0.0356811,-0.01220214,-0.019635167,-0.023526948,-0.019751377,-0.041205626,-0.031464178,0.055435084,-0.014499603,0.06494819,0.009888731,0.013520994,0.00035733962,-0.07417399,-0.05376976,-0.057416584,0.1954644,0.21438643,1.0000001,0.0076376516,-0.02596928,-0.022677666,-0.021927318
0.11983332,-0.042503007,-0.055604953,-0.05057312,-0.030766357,-0.02329989,0.009577273,0.0968962,0.046250883,-0.030433789,-0.062057503,-0.05204397,-0.012959648,-0.045638457,-0.0035842923,0.0088394545,0.039734982,0.008007509,-0.021842325,0.029469168,0.14321393,0.07193702,0.08932756,-0.00871958,-0.029375797,-0.05589755,-0.006535896,0.069914274,0.08592895,0.08433776,0.048938505,-0.018567355,0.01981135,0.015909865,-0.038296193,-0.029406434,-0.012893416,-0.008053893,-0.054726988,-0.0102799935,-0.04176255,0.0032346593,0.008382202,-0.015369316,0.046471637,-0.014596935,-0.003437954,-0.0063639265,0.073538095,-0.064421155,-0.020843454,-0.053816993,-0.032700963,-0.023052234,0.026684122,-0.019588681,-0.027778646,-0.022950213,0.03120284,0.0056241313,0.030635735,-0.044213884,-0.010218995,-0.009259754,-0.026162177,-0.033187613,-0.0108063705,0.0039625987,-0.044117294,-0.04362558,0.009177021,-0.03609457,0.03380111,0.031783614,0.03841617,-0.031037278,0.080437966,-0.015247911,-0.040197045,-0.025259923,-0.05383193,-0.03970718,0.011134627,-0.0052970345,-0.005417549,0.07660147,0.0967957,-0.054138277,-0.07455719,-0.019702762,-0.05180449,0.034062035,0.0022778637,-0.05914882,0.03426598,0.088379,-0.03187879,0.029729072,-0.052387815,-0.02263436,-0.024729243,0.025170881,0.005256082,-0.052519392,-0.006965543,-0.019235527,-0.019583868,-0.009361522,-0.029057266,-0.019660262,-0.019510336,-0.026678246,0.00033168634,-0.06783007,-0.029898336,0.0076376516,1.0000001,0.006797402,0.017875036,0.09285417
0.066541165,-0.05941747,-0.030005699,-0.0076503623,-0.04200811,-0.045086905,0.00218219,0.021753807,0.053172536,-0.014588358,-0.0077611874,0.016571686,0.0021161484,0.0041500167,-0.0102527635,-0.0080819605,0.003638053,0.04170917,0.013887234,0.0249031,0.048580926,0.0743806,0.08595255,0.029398229,-0.018978383,0.073232636,0.010500295,-0.028048612,-0.0077593,0.015969058,0.0074385675,-2.3324974e-05,-0.033453383,0.031081371,-0.0007506162,0.07686603,-0.02471048,0.012663662,0.0090863155,-0.046329334,-0.001998908,0.014259528,0.017103778,-0.04413028,0.00034177606,-0.05653372,-0.0562496,-0.0451132,-0.01055884,-0.053250242,-0.022869859,-0.014484519,-0.039716482,-0.04964201,-0.05006368,-0.023909358,0.063482,0.014742067,0.022874566,-0.023188736,-0.046624873,-0.06973947,-0.0046229097,-0.029777933,-0.08479947,-0.047110848,-0.06325234,-0.06253804,-0.014722971,-0.041269183,0.0036919666,0.007372012,0.021291737,0.05192814,0.11319319,-0.06434259,0.13755682,-0.0103814555,-0.073249266,-0.024744965,-0.027242146,0.011864277,-0.0396737,-0.010071283,0.05904995,-0.024348864,0.03390255,-0.01852953,-0.030998375,-0.007555466,0.0137554845,-0.04062549,-0.021581784,0.017461265,0.03659725,-0.0019159494,-0.0028370002,0.09157014,0.033701926,0.04938538,-0.034407116,0.13705018,-0.035584144,0.021103427,-0.019472765,-0.024694555,-0.0041979523,0.011514664,0.02095996,0.0056098443,-0.0045236894,0.11278564,0.05019305,-0.055329517,-0.05194934,-0.02596928,0.006797402,0.99999994,0.16427273,0.052888133
-0.005959595,0.03755613,0.00447612,-0.04722992,0.024761185,0.0050634528,0.03712005,-0.056545176,0.012996435,-0.0124574285,-0.047291342,-0.043497298,-0.005097888,-0.0074434634,-0.043293174,-0.0055979313,-0.00015868712,-0.002843254,-0.014268735,0.019436166,-0.038270548,0.021464588,0.036167465,0.033702947,-0.0011318051,0.023241274,0.024904493,-0.07202909,-0.037359,0.012830216,-0.008690296,0.01010922,-0.012772124,0.022345273,-0.026853781,0.031685717,-0.012653416,0.0021128654,0.0029195724,-0.011711263,0.0025740275,0.008761735,0.02023842,-0.0019777264,-0.014209139,-0.029591022,-0.07928869,-0.011448152,0.033222854,-0.046659857,-0.008508814,-0.032383196,-0.0050276616,-0.01044498,-0.015451373,-0.01219883,-0.01244637,-0.028906379,-0.0024180906,-0.013579588,-0.0467231,-0.025694251,-0.003204449,0.03114694,-0.02077608,-0.031596422,-0.030172298,0.016789602,-0.020241307,-0.055548016,-0.0045984816,0.02027433,0.022605373,0.04915849,0.04504684,-0.05632654,0.04143743,-0.021921672,-0.045197207,0.0038012841,-0.007887734,0.011480156,-0.00034815352,-0.011431344,0.019760333,-0.010323059,0.013826282,-0.016273733,-0.0041925022,-0.022319315,0.024500519,0.030657267,0.0013416805,0.008152023,-0.03791159,-0.029396486,0.050814964,0.040970948,0.016118763,0.04890439,0.0068968353,0.032092493,-0.012461241,0.00082524214,-0.033299405,-0.018252153,0.003288812,0.045468703,0.04046166,-0.0011717889,0.010472625,0.051038478,0.036405813,-0.044595852,-0.055949233,-0.022677666,0.017875036,0.16427273,0.99999994,0.09537322
-0.014581181,-0.025011465,-0.05030766,-0.027304243,-0.00117053,-0.021875735,0.013674839,-0.010422204,-0.025104236,-0.021824038,-0.009113809,-0.011021156,-0.0073152855,-0.0038291942,-0.025955163,-0.004033971,0.007003122,-0.013646314,-0.02887844,0.009532825,-0.0029427907,0.047375627,0.053102925,0.065286465,-0.0018366429,-0.016210571,0.004022762,0.00011540251,0.010338896,-0.005355617,-0.010141576,0.034848884,-0.019504521,-0.04129514,-0.050679266,0.020575646,0.010205321,-0.027909925,-0.029551875,-0.01676877,-0.020542229,0.022409162,0.03359939,-0.021550126,0.026090581,-0.015772486,-0.02901438,0.014551114,0.035315953,-0.02701841,-0.03512212,-0.007928014,-0.008117765,0.0069425483,0.02026379,0.029454324,-0.026434507,-0.020678107,-0.029991249,-0.038826376,-0.030756015,-0.00836898,-0.044255897,-0.020428844,-0.045409348,-0.027829539,-0.021197224,-0.01654215,-0.040540792,-0.034631427,-0.025664343,-0.00045389705,0.024306547,0.018447835,0.08284201,-0.02057726,0.038693585,0.026100596,-0.013403267,-0.0011319176,-0.035868563,-0.015394871,-0.019025747,-0.008753758,0.049338825,0.00916961,0.013551697,-0.052228115,-0.019187052,0.0061763665,0.03009666,0.01573217,0.00013609533,-0.007988567,0.01648759,0.027135668,-0.022844717,-0.004998034,-0.0027415333,-0.01048452,-0.009521385,-0.0037120741,0.012462981,0.007574048,-0.006804894,-0.019431772,-0.0113296155,0.009163095,-0.01663148,0.0023223807,-0.0025581224,0.035936393,0.03656024,-0.022061564,-0.01743956,-0.021927318,0.09285417,0.052888133,0.09537322,1.0000001
